SKU,Name,Short description,Description,Price,Currency,Available,Stock,Category slug,Image URLs
digest-basic-probiotics-enzymedica-90-capsules,"Digest Basic + Probiotics (Enzymedica), 90 capsules",Gently Support Digestion and reduce occasional gas and bloating,,4500,USD,true,,probiotics,https://organoli.com/wp-content/uploads/2026/06/enzymedica.png
mega-d3-and-mk-7-5000-iu-now-60-capsules,"Mega D3 and MK-7 5,000 IU (Now), 60 capsules",,A high-potency bone and cardiovascular support supplement combining Vitamin D3 (5000 IU) with Vitamin K2 (MK-7) for optimal calcium absorption and utilization.,3500,USD,true,,vitamins-minerals,https://organoli.com/wp-content/uploads/2026/06/mega-d3-MK-7.png
berberine-glucose-support-now-90-capsules,"Berberine Glucose Support (Now), 90 capsules",,"A popular, natural metabolic supplement designed to help maintain healthy blood sugar and lipid levels",5000,USD,true,,gut-digestion,https://organoli.com/wp-content/uploads/2026/06/berberine-glucose-support.png
super-enzymes-now-90-capsules,"Super Enzymes (Now), 90 capsules",,A comprehensive blend of enzymes that supports healthy digestion.,4500,USD,true,,gut-digestion,https://organoli.com/wp-content/uploads/2026/06/super-enzymes.png
zinc-glycinate-now-120-softgels,"Zinc Glycinate (Now), 120 softgels",,"Provides a highly absorbable, chelated form of zinc that is gentle on the stomach",2500,USD,true,,vitamins-minerals,https://organoli.com/wp-content/uploads/2026/06/zinc-glycinate.png
crystal-deodorant-with-chamomile-and-green-tea-66ml,"Crystal Deodorant with chamomile and green tea, 66ml",Mineral enriched deodorant roll-on,,1600,USD,true,,wellness-care,https://organoli.com/wp-content/uploads/2026/03/crystal-deodarant.png
hydroxo-b12-with-folinic-acid-seeking-health-60-capsules,"Hydroxo B12 with Folinic Acid (Seeking Health), 60 capsules","Supports healthy blood cells, hair, skin, nails, libido and energy",,5500,USD,true,,vitamins-minerals,https://organoli.com/wp-content/uploads/2026/03/hydroxo-b12-with-folinic-acid.png
collagen-creamer-type-1-3-vanilla-hunter-and-gather-300g,"Collagen Creamer, type 1 & 3, Vanilla, (Hunter and Gather), 300g","Support Hair, Skin, Nails, Muscles",,8000,USD,false,,collagen-beauty,https://organoli.com/wp-content/uploads/2026/03/collagen-creamer-vanilla.png
collagen-creamer-type-1-3-creamy-cacao-hunter-and-gather-300g,"Collagen Creamer, type 1 & 3, Creamy cacao, (Hunter and Gather), 300g","Support Hair, Skin, Nails, Muscles",,8000,USD,false,,collagen-beauty,https://organoli.com/wp-content/uploads/2026/03/Collagen-Creamer.png
fibermend-thorne-330g,"FiberMend, (Thorne), 330g",Powder to Help Maintain Regularity and Balanced GI Flora,,4000,USD,true,,probiotics,https://organoli.com/wp-content/uploads/2026/03/thorne-FiberMend.png
bone-broth-healthreach-125g,"Bone Broth, (HealthReach), 125g","HealthReach Bone Broth contains the bone friendly nutrients Vitamins C, D and K along with the highest quality hydrolysed collagen.",,6500,USD,true,,gut-digestion,https://organoli.com/wp-content/uploads/2026/03/bone-broth-health-reach.png
berry-pomegranate-electrolytes-humantra-20-stick-packets,"Berry Pomegranate Electrolytes (Humantra), 20 stick packets","A plant based, sugar free electrolyte drink carefully crafted to meet your everyday hydration needs. Hydration that works harder and tastes better.",,4000,USD,true,,protein-performance,https://organoli.com/wp-content/uploads/2026/03/humantra-pom.png
akkermansia-pendulum-30-capsules,"Akkermansia (Pendulum), 30 capsules",Supports gut barrier strength and digestive balance,,,USD,false,,probiotics,https://organoli.com/wp-content/uploads/2026/03/pendulum-akkermansia.png
magnesium-malate-biocare-90-capsules-2,"Magnesium Malate (Biocare), 90 capsules",A complex of magnesium and malic acid to support energy and muscle function.,,4000,USD,true,,vitamins-minerals,https://organoli.com/wp-content/uploads/2026/03/biocare-magnesium-malate.png
colostrum-1000-mg-nutricost-120-capsules,"Colostrum 1,000 mg (Nutricost), 120 capsules",Supports immune function and gut health?with a nutrient-rich profile,,4500,USD,true,,immune,https://organoli.com/wp-content/uploads/2026/03/colostrum-nutricost.png
zinc-30-pure-encapsulations-60-capsules,"Zinc 30 (Pure encapsulations), 60 capsules","Supplement for Immune System Support, Growth and Development, and Wound Healing",,4500,USD,true,,vitamins-minerals,https://organoli.com/wp-content/uploads/2026/03/zinc-30.png
marine-collagen-unflavoured-vital-proteins-221g,"Marine Collagen, Unflavoured (Vital Proteins), 221g",,"A highly bioavailable, odorless, and unflavored powder sourced from wild-caught white fish, offering 12g of type I & III collagen peptides per serving. It supports skin elasticity, hair, nails, joints, and bones, easily dissolving in hot or cold liquids.",10500,USD,false,,collagen-beauty,https://organoli.com/wp-content/uploads/2026/02/vital-protein-marine-collagen.png
collagen-peptides-unflavoured-vital-proteins-284g,"Collagen Peptides, Unflavoured (Vital Proteins), 284g",,"The collagen powder boosts and improves the health of your hair, skin, nails, joints, bones, ligaments, and tendons.",6500,USD,true,,collagen-beauty,https://organoli.com/wp-content/uploads/2026/02/vital-proteins-collagen-peptides-powder-collagen-meaghers-pharmacy-72581494538584.png
collagen-peptides-unflavoured-huntergather-400g,"Collagen Peptides, Unflavoured (Hunter&Gather), 400g",,"Promotes healthy skin,hair and nails, Aiding joint mobility, Supports gut health and immunity",9500,USD,true,,collagen-beauty,https://organoli.com/wp-content/uploads/2026/02/hunter-and-gather-collagen-peptide.png
unflavored-grass-fed-collagen-peptides-truvani-280g,"Unflavored – Grass fed Collagen Peptides (Truvani), 280g",,"Supports Overall Wellness with Comprehensive Collagen Blend: Truvani Collagen Peptides expertly combine Type 1 & Type 3 collagen, bolstering hair, nails, skin, joints, and gut health,",8800,USD,false,,collagen-beauty,https://organoli.com/wp-content/uploads/2026/02/truvani-collagen-peptides.png
plant-based-protein-vanilla-flavored-truvani-335g,"Plant Based Protein, Vanilla Flavored (Truvani), 335g",,"Helps Weight Management, Supports A Healthy Immune System, Supports Muscle Growth, Benefits Youthful Skin, Supports Cardiovascular Health, Provides Easy Absorption, Promotes Healthy Metabolism",9500,USD,true,,protein-performance,
clean-lean-protein-smooth-vanilla-nuzest-250g,"Clean Lean Protein, Smooth Vanilla (Nuzest), 250g",,"A premium, plant-based pea protein isolate delivering 20g+ of digestible, complete protein per serving and ideal for muscle recovery.",5500,USD,true,,protein-performance,https://organoli.com/wp-content/uploads/2026/02/Clean-Lean-Protein-250g-Smooth-Vanilla-Front-1400x1400px-768x768-1.png
clean-lean-protein-rich-chocolate-nuzest-250g,"Clean Lean Protein, Rich Chocolate (Nuzest), 250g",,"A premium, 100% plant-based pea protein isolate known for its smooth texture, high digestibility, and clean profile. It provides all 9 essential amino acids, is low-carb/low-fat",5500,USD,true,,protein-performance,https://organoli.com/wp-content/uploads/2026/02/NuzestCleanLeanChocolate250g_630x630.png
collagen-peptides-kiki-health-200g,"Collagen Peptides (Kiki Health), 200g","This collagen is unflavoured and mixes well into hot and cold drinks, making it easy to incorporate into your diet. Collagen peptides have been shown to improve the health of bones, ligaments, hair, skin and nails.",,4800,USD,true,,collagen-beauty,https://organoli.com/wp-content/uploads/2026/01/Kiki-Health-collagen-peptides.png
pure-marine-collagen-kiki-health-150-capsules-2,"Pure Marine Collagen (Kiki Health), 150 capsules","Sustainably sourced and made with wild fish collagen for a pure, clean and high quality product. Collagen is key to the formation of skin, gums, teeth, bones, and tendons cartilage.",,5000,USD,true,,collagen-beauty,https://organoli.com/wp-content/uploads/2026/01/pure-marine-collagen-150-capsules-kik070_ade0b06f-0154-48b0-ba89-1002cfad5af6.png
organic-slippery-elm-kiki-health-60-capsules,"Organic Slippery Elm (Kiki Health), 60 capsules","Gently dried at low temperatures to preserve maximum nutrients, slippery elm helps soothe the digestive tract and supports overall intestinal health. Rich in mucilage, it also nourishes and protects the mucous membranes for optimal digestive comfort.",,4500,USD,true,,gut-digestion,https://organoli.com/wp-content/uploads/2026/01/Slipper_Elm_Capsules_KIK1392.png
organic-lions-mane-kiki-health-50g,"Organic Lion’s Mane (Kiki Health), 50g","Lion’s mane mushroom is known to support healthy brain function, nerve health, memory and cognitive performance.",,5500,USD,true,,vitamins-minerals,https://organoli.com/wp-content/uploads/2026/01/lions-mane-mushroom-extract-powder-50g-organic-kik105.png
spermidine-kiki-health-60-capsules,"Spermidine (Kiki Health), 60 capsules","Spermidine, a naturally occurring polyamine found in various foods, plays a pivotal role in maintaining cellular functions and supporting vital processes within th",,6500,USD,true,,vitamins-minerals,https://organoli.com/wp-content/uploads/2026/01/Spermidine.png
marine-collagen-beauty-blend-kiki-health-150-capsules,"Marine Collagen Beauty Blend (Kiki Health), 150 capsules","Sustainably sourced collagen helps boost collagen and nourish skin, while hyaluronic acid and vitamin C work together to brighten, hydrate and rejuvenate your complexion.",,5000,USD,true,,collagen-beauty,https://organoli.com/wp-content/uploads/2026/01/pure-marine-collagen-150-capsules-kik070_ade0b06f-0154-48b0-ba89-1002cfad5af6.png
marine-collagen-beauty-blend-kiki-health-200g,"Marine Collagen Beauty Blend (Kiki Health), 200g","Sustainably sourced collagen helps boost collagen and nourish skin, while hyaluronic acid and vitamin C work together to brighten, hydrate and rejuvenate your complexion.",,5500,USD,true,,collagen-beauty,https://organoli.com/wp-content/uploads/2026/01/marine-collagen-beauty-blend-powder-200g-kik063.png
castor-oil-fushi250ml,"Castor Oil-Fushi,250ml",,"Castor oil is anti-inflammatory and antioxidant oil which has been used for centuries for its therapeutic and medicinal benefits.
Castor oil widely serves as a laxative and known to be effective against constipation. It can lubricate your bowels and make your system flow a little better.
Castor oil is a good massage oil for aching joints, nerve inflammations, and sore muscles.
Castor oil is useful for dry skin conditions, the lubricant in the Castor oil helps ease the roughness of the skin and acts as a soothing emollient.
Castor oil is beneficial for hair growth so can be used for the hair and eyebrows.",2500,USD,true,,wellness-care,https://organoli.com/wp-content/uploads/2026/01/2-1.webp
black-seed-oil-kiki-health125ml,"Black Seed Oil-Kiki Health,125ml",,"High strength
Contains 1.3% – 2% thymoquinone
100% pure, virgin oil
Cold-pressed & unrefined
Use internally to help regulate blood glucose
Soothe dryness, itchiness, and scaly skin conditions
Nourish hair and skin",3000,USD,true,,wellness-care,https://organoli.com/wp-content/uploads/2026/01/2.webp
hydroxi-kids-adults-whitening-enamel-health-toothpaste-davids-113g,"Hydroxi Kids + Adults whitening + enamel health toothpaste (Davids), 113g",Antiplaque fresh breath remineralizing,,3000,USD,true,,wellness-care,https://organoli.com/wp-content/uploads/2026/01/davids-hydroxi.png
expanding-dental-floss-davids-30m,"Expanding Dental Floss (Davids), 30m",Strong waxed weave infused w/cocoa butter +nano hydroxyapatite,,1500,USD,true,,wellness-care,https://organoli.com/wp-content/uploads/2026/01/davids-dental-floss.png
d-toxis-essential-iodine-free-ortis-150ml,"D-Toxis Essential Iodine – Free (Ortis), 150ml",Blend that helps support normal kidney & liver function while assisting digestion and intestinal transit.,,4500,USD,true,,gut-digestion,https://organoli.com/wp-content/uploads/2026/01/d-toxis-essential-ortis.png
liquid-vitamin-d3k2-seeking-health-30-ml,"Liquid Vitamin D3+K2 (Seeking Health), 30 ml","This vitamin D3 and K2 supplement supports a healthy heart, blood flow, healthy bone strength and bone density",,5500,USD,false,,vitamins-minerals,https://organoli.com/wp-content/uploads/2026/01/vitamin-d3k2-sh.png
vitamin-d3k2-seeking-health-60-capsules,"Vitamin D3+K2 (Seeking Health), 60 capsules",Supports a healthy immune system Supports healthy teeth and bones,,6300,USD,false,,vitamins-minerals,https://organoli.com/wp-content/uploads/2026/01/vitamin-d3k2.png
niacin-500mg-now100-capsules,"Niacin 500mg (Now),100 capsules",Niacin (Vitamin B-3) is an essential B-group vitamin necessary for good health,,2500,USD,false,,vitamins-minerals,https://organoli.com/wp-content/uploads/2026/01/niacin-vitamin-b3.png
ferrasorb-thorne-60-capsules,"Ferrasorb (Thorne), 60 capsules","Ferrasorb provides iron in chelated form for optimal absorption, plus the active forms of folate and vitamins B6 and B12, essential for blood-building",,7000,USD,false,,vitamins-minerals,https://organoli.com/wp-content/uploads/2026/01/thorne-ferrasorb.png
saffron-natroceutics-30-capsules,"Saffron (Natroceutics), 30 capsules","A premium saffron extract, to support mental health, mood regulation, and overall emotional well-being.",,5500,USD,true,,vitamins-minerals,https://organoli.com/wp-content/uploads/2026/01/saffron-bioactive.png
probutyrate-tesseract-120-capsules,"ProButyrate (Tesseract), 120 capsules",This palatable butyric acid supplement helps promote a healthy gut*,,,USD,false,,vitamins-minerals,https://organoli.com/wp-content/uploads/2026/01/probutyrate.png
vitamin-d3-5000-pure-encapsulations-60-capsules,"Vitamin D3 5,000 (Pure encapsulations), 60 capsules","Contributes to normal absorption and utilisation of calcium and phosphorus. Contributes to the maintenance of normal muscle function, teeth and bones. Contributes to the normal function of the immune system",,,USD,false,,vitamins-minerals,https://organoli.com/wp-content/uploads/2026/01/vitamin-d3.png
sodium-butyrate-body-bio-60-capsules,"Sodium butyrate (Body Bio), 60 capsules","Bodybio Butyrate is a powerful postbiotic that is designed to nourish and protect the gut lining, support healthy digestion, and help maintain optimal gut microbiome balance",,,USD,true,,vitamins-minerals,https://organoli.com/wp-content/uploads/2026/01/sodium-butyrate.png
metabolic-helath-cymbiotika-84-capsules,"Metabolic Health (Cymbiotika), 84 capsules",Daily Metabolism Booster,,16000,USD,true,,vitamins-minerals,https://organoli.com/wp-content/uploads/2026/01/cymbiotica-metabolic-health.png
liposomal-magnesium-l-threonate-cymbiotika-vanilla-cream-30-pouches,"Liposomal Magnesium L Threonate (Cymbiotika), Vanilla Cream, 30 pouches","Cymbiotika’s Liposomal Magnesium L-Threonate, Vanilla Cream, is a form of the essential mineral magnesium that supports brain and memory function",,12500,USD,true,,vitamins-minerals,https://organoli.com/wp-content/uploads/2026/01/cymbiotica.png
b12-pure-encapsulations-60-capsules,"B12 (Pure encapsulations), 60 capsules",Vitamin B12 contributes to normal functioning of the nervous system and psychological function. It contributes as well to normal energy-yielding metabolism and the reduction of tiredness and fatigue,,4500,USD,true,,vitamins-minerals,https://organoli.com/wp-content/uploads/2026/01/b12.png
curcumin-500mg-pure-encapsulations-60-capsules,"Curcumin 500mg (Pure encapsulations), 60 capsules","Supports joint, tissue, liver, colon and cellular health",,7700,USD,false,,vitamins-minerals,https://organoli.com/wp-content/uploads/2026/01/curcumin.png
silymarine-milk-thistle-extract-pure-encapsulations-60-capsules,"Silymarine Milk Thistle extract (Pure encapsulations), 60 capsules",Highly concentrated milk thistle extract to support healthy liver functioning,,,USD,true,,vitamins-minerals,https://organoli.com/wp-content/uploads/2026/01/silymarin.png
selenium-pure-encapsulations-60-capsules,"Selenium (Pure encapsulations), 60 capsules","Supports antioxidant defenses, immune function and cellular health",,4500,USD,true,,vitamins-minerals,https://organoli.com/wp-content/uploads/2026/01/selenium.png
l-carnitine-pure-encapsulations-60-capsules,"L- Carnitine (Pure encapsulations), 60 capsules",Highly stabilized form of l-carnitine supporting cardiovascular health and recovery from exercise,,,USD,true,,vitamins-minerals,https://organoli.com/wp-content/uploads/2026/01/I-Carnitine.png
rhodiola-rosea-pure-encapsulations-90-capsules,"Rhodiola Rosea (Pure encapsulations), 90 capsules",Broad-spectrum adaptogen support for occasional mental and physical stress,,5500,USD,true,,vitamins-minerals,https://organoli.com/wp-content/uploads/2026/01/rhodiola-rosea.png
folate-400-pure-encapsulations-90-capsules,"Folate 400 (Pure encapsulations), 90 capsules","Supports methylation, which maintains healthy neurotransmission, DNA synthesis and gene regulation Provides all of the benefits of folic acid regardless of MTHFR genetic variations, Supports cardiovascular, cellular and neuronal health",,6000,USD,true,,vitamins-minerals,https://organoli.com/wp-content/uploads/2026/01/folate400.png
optimal-electrolyte-seeking-health-orange-flavored-30-sticks,"Optimal Electrolyte (Seeking Health), Orange Flavored, 30 Sticks","Supports healthy muscle contraction and relaxation, Supports healthy heart rhythm and contraction, Hydration Blend with key ingredients for hydration support",,,USD,true,,protein-performance,https://organoli.com/wp-content/uploads/2026/01/optimal-electrolyte.png
l-methylfolate-sfi-health-60-capsules,"L- MethylFolate (SFI Health), 60 capsules","Bioactive folate to support DNA biosynthesis, homocysteine metabolism, and nervous system function. Ideal for those who are unable to efficiently absorb and convert folic acid into its active form.",,4000,USD,false,,vitamins-minerals,https://organoli.com/wp-content/uploads/2025/11/L-METHYLFOLATE.png
l-theanine-200-biomedica-60-capsules,"L-Theanine 200 (Biomedica), 60 capsules","Formulated to promote mind relaxation, support a healthy stress response, maintain nervous system health, and enhance mental concentration",,6000,USD,false,,vitamins-minerals,https://organoli.com/wp-content/uploads/2025/11/L-Theanine-200.png
apricot-electrolytes-humantra-20-stick-packets,"Apricot Electrolytes (Humantra), 20 stick packets",A repleneshing electrolyte and antioxidant mix with a refreshing Himalayan lime flavour. Get all 6 electrolytes and a blend of vitamins and minerals in handy individual serving sticks for a daily hydration and immunity support.,,4000,USD,true,,protein-performance,https://organoli.com/wp-content/uploads/2025/10/humantra-apr.png
lychee-electrolytes-humantra-20-stick-packets,"Lychee Electrolytes (Humantra), 20 stick packets",A repleneshing electrolyte and antioxidant mix with a refreshing Himalayan lime flavour. Get all 6 electrolytes and a blend of vitamins and minerals in handy individual serving sticks for a daily hydration and immunity support.,,4000,USD,true,,protein-performance,https://organoli.com/wp-content/uploads/2025/10/humantra-lychee.png
p5p-50-pure-encapsulations-60-capsules,"P5P 50 (Pure encapsulations), 60 capsules","Activated B6 Supports energy metabolism, cardiovascular and neurological health‡",,5000,USD,true,,vitamins-minerals,https://organoli.com/wp-content/uploads/2025/10/P5P50.png
morepa-platinum-with-vitamin-d3-minami-30-capsules,"Morepa Platinum with Vitamin D3 (Minami), 30 capsules",Highly concentrated (90%) omega-3 food supplement (764 mg EPA + 236 mg DHA + 25 mcg vitamin D3) that contributes rapidly to a balanced omega-3 index.,,4500,USD,true,,vitamins-minerals,https://organoli.com/wp-content/uploads/2025/10/morepa-platinum.png
5-mthf-1mg-thorne-60-capsules,"5-MTHF, 1mg (Thorne), 60 capsules","5-MTHF is a bioactive, methylated form of folate, an essential B vitamin that supports heart, brain, blood, and bone health and is suitable for individuals with MTFHR gene mutations.*",,5000,USD,false,,vitamins-minerals,https://organoli.com/wp-content/uploads/2025/10/thorne.png
calori-light-forte-pharma-60-gelules,"Calori Light (Forte Pharma), 60 Gelules",To help you manage your occasional dietary gaps,,6000,USD,true,,wellness-care,https://organoli.com/wp-content/uploads/2025/10/calori-light.png
amalgaclear-powder-73g-quicksilver-scientific,"Amalgaclear powder, 73g (Quicksilver Scientific)",Support the body in detoxifying and removing mercury and other heavy metals during removal of “silver” dental amalgams,,7500,USD,false,,wellness-care,https://organoli.com/wp-content/uploads/2025/10/AmalgaClear.png
phase-2-500mg-now-120-capsules,"Phase 2, 500mg (Now), 120 capsules",Weight Management,,5500,USD,false,,gut-digestion,https://organoli.com/wp-content/uploads/2025/10/now-phase2-weight-management.png
omega-3-nordic-naturals-60-capsules,"Omega 3 (Nordic Naturals), 60 capsules","For cognition, heart health and immune support",,5000,USD,false,,vitamins-minerals,https://organoli.com/wp-content/uploads/2025/10/nordic-omega-3.png
akkermansia-100-million-afu-codeage-90-capsules,"Akkermansia 100 million AFU (Codeage), 90 capsules",Probiotic-Prebiotic,,5500,USD,false,,probiotics,https://organoli.com/wp-content/uploads/2025/10/akkermansia.png
creatine-monohydrate-unflavored-nutricost-500g,"Creatine Monohydrate unflavored, (Nutricost) 500g,",High Quality Micronized Creatine Monohydrate,,7200,USD,false,,protein-performance,https://organoli.com/wp-content/uploads/2025/10/creatine-monohydrate-1.png
creatine-liposomal-raspberry-cymbiotika-600ml,"Creatine + Liposomal, Raspberry, (Cymbiotika), 600ml","Boost athletic performance, strength, and recovery time Support brain health and cognition Promote youthful skin",,11000,USD,false,,protein-performance,https://organoli.com/wp-content/uploads/2025/10/creatine.png
creatine-monohydrate-vivo-life-252g,"Creatine Monohydrate, (Vivo Life), 252g","Creatine increases physical performance in successive burst of short term, high intensity exercise.",,4500,USD,true,,protein-performance,https://organoli.com/wp-content/uploads/2025/10/vivo-life.png
bio-pyncogenol-40mg-pharma-nord-30-capsules,"Bio Pyncogenol 40mg (Pharma Nord), 30 capsules","Provides you with healthy bioflavonoids, Supports good blood circulation, Contributes to the protection of cells from oxidative damage",,3500,USD,false,,vitamins-minerals,https://organoli.com/wp-content/uploads/2025/10/bio-pycnogenol.png
myceflora-5,MYCEFlora 5,May help support gut and immune balance,,4000,USD,true,,probiotics,https://organoli.com/wp-content/uploads/2025/10/myceflora5.png
resveratrol-pure-encapsulations-60-capsules,"Resveratrol (Pure Encapsulations), 60 capsules","Cardiovascular, Cellular Health & Memory Support",,7000,USD,true,,vitamins-minerals,https://organoli.com/wp-content/uploads/2025/10/resveratrol.png
b12-folate-pure-encapsulations-60-capsules,"B12 Folate (Pure encapsulations), 60 capsules","Energy Supplement to Support Nerves, Energy Metabolism & Cognitive Support",,5500,USD,true,,vitamins-minerals,https://organoli.com/wp-content/uploads/2025/10/b12-folate.png
ovaboost-for-women-fairhaven-health-120-capsules-2,"Ovaboost for women (Fairhaven Health), 120 capsules","Supports metabolic balance, cycle regularity, and reproductive health",,6000,USD,true,,hormonal-health,https://organoli.com/wp-content/uploads/2025/10/ovaboost-for-women-metabolic-balance-cycle-regularity-reproductive-health-1.png
d-mannose-cranberry-365-whole-food-market-90-capsules,"D-Mannose + Cranberry (365 whole food market), 90 capsules",Supports urinary tract health,,5500,USD,false,,hormonal-health,https://organoli.com/wp-content/uploads/2025/10/365-DiMannose-Cranberry.png
l-glutamine-500mg-now-120-capsules,"L-Glutamine 500mg (NOW), 120 capsules","Supports Immune Function, Nitrogen Transporter",,4500,USD,false,,protein-performance,https://organoli.com/wp-content/uploads/2025/10/now-L-Glutamine.png
magnesium-citrate-pure-encapsulations-90-capsules,"Magnesium Citrate (Pure encapsulations), 90 capsules","Supports Nutrient Utilization, Energy, Bones and Heart Health",,5000,USD,false,,vitamins-minerals,https://organoli.com/wp-content/uploads/2025/10/pure-calcium-magnesium-1.png
food-sensitivity-relief-with-diamine-oxidase-dao-life-extension-60-capsules,"Food sensitivity relief with Diamine oxidase (DAO) (Life Extension), 60 capsules",Supports histamine metabolism for digestive comfort,,7000,USD,false,,wellness-care,https://organoli.com/wp-content/uploads/2025/10/dhea-life-extension-food-sensitivity-relief.png
proomega-lemon-flavor-nordic-naturals-60-capsules,"ProOmega, Lemon Flavor (Nordic Naturals), 60 capsules","High Potency Fish Oil with EPA & DHA – Promotes Brain, Eye, Heart and Immune Health",,6000,USD,false,,vitamins-minerals,https://organoli.com/wp-content/uploads/2025/10/nordic-proomega.png
l-glutamine-500mg-pure-encapsulations-90-capsules,"L-Glutamine 500mg (Pure Encapsulations), 90 capsules","Supplement for Immune and Digestive Support, Gut Health and Lining, Metabolism, and Muscle Support",,5000,USD,true,,protein-performance,https://organoli.com/wp-content/uploads/2025/10/pure-L-Glutamine.png
adrenal-cortex-50-mg-seeking-health-60-capsules,"Adrenal Cortex 50 mg (Seeking Health), 60 capsules","Supports Healthy Nervous System, Stress Response, and Energy Levels, Immune System Support",,5500,USD,false,,hormonal-health,https://organoli.com/wp-content/uploads/2025/10/seeking-health-adrenal-cortex.png
dhea-25mg-life-extension-100-capsules,"DHEA 25mg (Life Extension), 100 capsules",Promotes optimal hormone levels,,3000,USD,false,,hormonal-health,https://organoli.com/wp-content/uploads/2025/10/dhea-life-extension.png
b-complex-plus-with-choline-seeking-health-100-capsules,"B complex Plus with choline (Seeking Health), 100 capsules","Energy, liver, and brain support",,6500,USD,true,,vitamins-minerals,https://organoli.com/wp-content/uploads/2025/09/seeking-health-B-complex-plus.png
premium-bamboo-toothbrush-davids,Premium bamboo toothbrush (Davids),100% bamboo handle,,1200,USD,true,,wellness-care,https://organoli.com/wp-content/uploads/2025/09/Premium-bamboo-toothbrush-Davids.png
professional-tongue-scraper-davids,Professional tongue scraper (Davids),Fresh breath healthy mouth,,5500,USD,true,,wellness-care,https://organoli.com/wp-content/uploads/2025/09/Professional-tongue-scraper-Davids.png
kids-adults-whitening-antiplaque-toothpaste-davidsnatural-strawberry-watermelon-149g,"Kids + Adults | Whitening + antiplaque toothpaste (Davids)Natural Strawberry + Watermelon , 149g","Fresh breath, enamel health gum/mouth detox",,3000,USD,true,,wellness-care,https://organoli.com/wp-content/uploads/2025/09/Kids-Adults-Whitening-antiplaque-toothpaste-DavidsNatural-Strawberry-Watermelon.png
sensitive-whitening-toothpaste-natural-peppermint-davids-149g,"Sensitive + Whitening Toothpaste Natural Peppermint (Davids), 149g","Antiplaque, fresh breath, enamel health, nano w/hydroxyapatite",,3000,USD,false,,wellness-care,https://organoli.com/wp-content/uploads/2025/09/Sensitive-Whitening-Toothpaste-Natural-Peppermint.png
whitening-antiplaque-toothpaste-natural-peppermint-davids-149g,"Whitening + Antiplaque Toothpaste Natural Peppermint (Davids), 149g","Fresh breath, enamel health gum/mouth detox",,3000,USD,false,,wellness-care,https://organoli.com/wp-content/uploads/2025/09/Whitening-Antiplaque-Toothpaste-Natural-Peppermint-Davids.png
omega-3-skin-hair-immunity-o3-omega-30-sachets,"Omega 3 Skin + Hair + Immunity (O3 Omega), 30 sachets",,"Omega 3 ALA is an essential fatty acid that contributes to normal blood cholesterol levels, and can support mood. Omega 3 ALA reduces inflammation throughout the body.",5700,USD,false,,collagen-beauty,https://organoli.com/wp-content/uploads/2025/08/omega-3.png
omega-3-dhamct-o3-omega-vanilla-fudge-14-sachets,"Omega 3 DHA+MCT, (O3 Omega), Vanilla Fudge, 14 sachets",,"Omega 3 DHA is an essential fatty acid that is clinically proven to support the normal functioning and development of the brain, heart and eyes. Omega 3 DHA reduces inflammation throughout the body and can protect your cardiovascular, cognitive, eye and mental health",3500,USD,false,,vitamins-minerals,https://organoli.com/wp-content/uploads/2025/08/omega3-dha.png
bio-ubiquinol-pharma-nord-60-capsules,"Bio – Ubiquinol, (Pharma Nord), 60 capsules",,"Benefit elderly people or individuals with impaired digestion who are less able to absorb supplemental Q10 in its ubiquinone form, contains vitamin C that contributes to the reduction of tiredness and fatigue and contributes to a normal energy-yielding metabolism.",8000,USD,false,,vitamins-minerals,https://organoli.com/wp-content/uploads/2025/08/bio-ubiquinol.png
bio-chromium-pharma-nord-60-capsules,"Bio – Chromium, (Pharma Nord), 60 capsules",,Regulates carbohydrate metabolism and blood glucose balance.,4000,USD,true,,vitamins-minerals,https://organoli.com/wp-content/uploads/2025/08/bio-chromium.png
wellbel-women-90-capsules-2,"Wellbel Women, 90 capsules",,Hair Skin and Nails For ages 45+,15000,USD,false,,vitamins-minerals,https://organoli.com/wp-content/uploads/2025/08/wellbel-women-1.png
wellbel-women-90-capsules,"Wellbel Women, 90 capsules",,Hair Skin and Nails,14500,USD,false,,vitamins-minerals,https://organoli.com/wp-content/uploads/2025/08/wellbel-women.png
100-pure-castore-oil-dr-organic-250ml,"100% Pure Castore Oil, (Dr. Organic), 250ml",,"Revitalise skin, hair & scalp with our Castor Oil.",2000,USD,true,,collagen-beauty,https://organoli.com/wp-content/uploads/2025/08/drorganic-castor-oil.png
organic-castor-oil-kiki-health-250ml,"Organic Castor Oil, (Kiki Health), 250ml",,"Nourish Hair, Body and Skin",2000,USD,true,,collagen-beauty,https://organoli.com/wp-content/uploads/2025/08/organic-castor-oil-kiki-health.png
phytopure-krill-oil-phytoceutics-60-capsules,"Phytopure Krill Oil, (Phytoceutics), 60 capsules",,"May support cardiovascular and liver function, promoting overall health and wellness.",5500,USD,false,,gut-digestion,https://organoli.com/wp-content/uploads/2025/08/phystoceutics-phytopure-krill-oil.png
homocysteine-nutrients-seeking-health-60-capsules,"Homocysteine Nutrients, (Seeking Health), 60 capsules",,"Supports healthy methylation and homocysteine levels, Powerful heart health support, Supports healthy cognition and brain function",6500,USD,true,,vitamins-minerals,https://organoli.com/wp-content/uploads/2025/08/homocysteine-nutrients.png
bio-active-complete-b-complex-life-extension-60-capsules,"Bio Active Complete B-Complex, (Life Extension), 60 capsules",,Maintains a strong heart and a sharp mind,4000,USD,false,,vitamins-minerals,https://organoli.com/wp-content/uploads/2025/08/bioactive-complete-b-complex.png
optimized-ashwagandha-life-extension-60-capsules,"Optimized Ashwagandha , (Life Extension), 60 capsules",,Helps relieve the effects of everyday stress.,3000,USD,true,,vitamins-minerals,https://organoli.com/wp-content/uploads/2025/08/optimized-ashwagandha.png
n-acetyl-l-cysteine-nac600mg-life-extension-60-capsule,"N-Acetyl-L-Cysteine (NAC)600mg, (Life Extension), 60 capsule",,"Benefits for immune, bronchial, respiratory and liver health.",4000,USD,false,,immune,https://organoli.com/wp-content/uploads/2025/08/N-acetyl-l-cysteine.png
adanced-milk-thistle-life-extension-60-capsules,"Adanced Milk Thistle, (Life Extension), 60 capsules",,Promotes Healthy Liver Function,8000,USD,false,,gut-digestion,https://organoli.com/wp-content/uploads/2025/08/advanced-milk-thistle.png
curcumin-elite-turmeric-extract-life-extension-60-capsules,"Curcumin Elite Turmeric Extract, (Life Extension), 60 capsules",,"Helps inhibit inflammation to support joint and vital organ health, promote healthy immune response, encourage heart health and provide potent cellular protection against free radicals.",6000,USD,false,,immune,https://organoli.com/wp-content/uploads/2025/08/curcumin-elite.png
one-per-day-multivitamin-life-extension-60-capsules,"One – Per -Day Multivitamin, (Life Extension), 60 capsules",,"Supports cellular health, blood vessel health, healthy immune function. Promotes both heart & brain health",6000,USD,true,,vitamins-minerals,https://organoli.com/wp-content/uploads/2025/08/one-per-day-multivitamin.png
omega-3-morepa-curcumin-minami-60-capsules,"Omega 3 MorEPA Curcumin (Minami), 60 capsules",,"Supports healthy heart function, Curcumin has anti-inflammatory action and helps with joint mobility, Contains vitamin c – which contributes to normal collagen formation and cartilage function, Contains Copper – which contributes to maintenance of normal connective tissue",11000,USD,false,,vitamins-minerals,https://organoli.com/wp-content/uploads/2025/08/minami-MorEPA-move.png
omega-3-morepa-cholesterol-minami-60-capsules,"Omega 3 MorEPA Cholesterol (Minami), 60 capsules",,"Specially developed with a high concentration of omega-3, combined with Plant sterols (phytosterols) as a natural alternative for maintaining cholesterol normal cholesterol levels.",9000,USD,false,,vitamins-minerals,https://organoli.com/wp-content/uploads/2025/08/minami-morepa-cholesterol.png
omega-3-morepa-platinum-elite-1000iu-vitamin-d3-minami-60-capsules,"Omega 3 MorEPA Platinum Elite +1000IU Vitamin D3 (Minami), 60 capsules",,"EPA and DHA Support, Heart Function and Blood Pressure, Vitamin D3 Supports Muscle Function",11000,USD,false,,vitamins-minerals,https://organoli.com/wp-content/uploads/2025/08/minami-morepa-platinum.png
liposomal-vitamin-d3-k2-coq10-cymbiotika-4000,"Liposomal Vitamin D3 + K2 + CoQ10 (Cymbiotika), 4,000",,,14000,USD,true,,vitamins-minerals,https://organoli.com/wp-content/uploads/2025/08/cymbiotika-d3-k2.png
methyl-folate-jarrow-60-capsules,"Methyl Folate (Jarrow), 60 capsules",,,2500,USD,false,,vitamins-minerals,https://organoli.com/wp-content/uploads/2025/08/methyl-folate.png
nac-500mg-seeking-health-90-capsules,"NAC 500mg (Seeking Health), 90 capsules",,"Supports liver, lung, and immune system health",5500,USD,false,,immune,https://organoli.com/wp-content/uploads/2025/08/NAC.png
berberine-complex-natroceutics-60-capsules,"Berberine Complex (Natroceutics), 60 capsules",,"Weight Loss, Blood sugar Control, Balanced Gut Biome",8500,USD,false,,gut-digestion,https://organoli.com/wp-content/uploads/2025/08/berberine-complex.png
biomax-vitamins-c-liposomal-coyne-healthcare-30-capsules,"Biomax Vitamins C Liposomal (Coyne Healthcare), 30 capsules",,"Delivers maximum Bio – Active Vitamin C, Gentle and Non Acidic",5000,USD,false,,vitamins-minerals,https://organoli.com/wp-content/uploads/2025/08/biomax-Vitamin-c.png
shilajit-live-resin-cymbiotika-15g,"Shilajit Live Resin (Cymbiotika), 15g",,"Pure Shilajit extract has a positive effect that counters cellular damage and increases muscle strength, making it an excellent dietary supplement.",12000,USD,true,,vitamins-minerals,https://organoli.com/wp-content/uploads/2025/08/shilajit.png
glutathione-reduced-jarrow-60-capsules,"Glutathione Reduced (Jarrow), 60 capsules",,"Antioxidant in all types of tissues, the antioxidant functions of glutathione include recycling vitamins C and E to their antioxidant form to minimize oxidative stress.*",7000,USD,true,,immune,https://organoli.com/wp-content/uploads/2025/08/glutathione-reduced.png
ashwagandha-premium-ksm-66-vita-bright-90-capsules,"Ashwagandha Premium KSM-66 (Vita Bright), 90 capsules",,,4000,USD,true,,vitamins-minerals,https://organoli.com/wp-content/uploads/2025/08/Vitabright-organic-ashwagandha.png
saccharomyces-boulardii-mos-5-billion-cfu-jarrow-90-capsules,"Saccharomyces Boulardii + MOS 5 Billion CFU (Jarrow), 90 capsules",,Enhanced intestinal protection,5500,USD,false,,probiotics,https://organoli.com/wp-content/uploads/2025/08/saccharomyces-boulardi.png
iodine-tincture-liposomal-nutri-advanced-50ml,"Iodine Tincture Liposomal (Nutri Advanced), 50ml",,Suitable for those who require extra iodine,4500,USD,false,,vitamins-minerals,https://organoli.com/wp-content/uploads/2025/08/nutri-iodine-tincture.png
detox-liver-ortis-60-capsules,"Detox Liver (Ortis), 60 capsules",,Support detoxification and digestive comfort,5500,USD,true,,gut-digestion,https://organoli.com/wp-content/uploads/2025/08/ortis-detox-liver.png
fruits-and-fibers-ortis-regular-24-pcs,"Fruits and Fibers (Ortis) Regular, 24 pcs",,Digestive Health,3500,USD,false,,gut-digestion,https://organoli.com/wp-content/uploads/2025/08/ortis-fruits-and-fibres.png
magnesium-citrate-natroceutics-magnesium-trace-mineral-complex-60-capsules,"Magnesium Citrate (Natroceutics) Magnesium Trace Mineral Complex, 60 capsules",,Ensures sufficient magnesium levels in the body Supports daily intake of trace minerals Ensure optimal body functioning from supporting heart health to digestive health,6500,USD,false,,vitamins-minerals,https://organoli.com/wp-content/uploads/2025/08/magnesium-trace-mineral.png
saccharomyces-cervisiae-boulardii-300mg-lamberts-30-capsules,"Saccharomyces Cervisiae Boulardii 300mg (Lamberts), 30 capsules",,6 billion organisms,3000,USD,false,,probiotics,https://organoli.com/wp-content/uploads/2025/08/lamberts-saccharomyces-cerevisiae.png
s-boulardii-optibac-40-capsules,"S. Boulardii (Optibac), 40 capsules",,"5 billion live cultures of a unique friendly yeast, proven o reach the gut alive",5700,USD,false,,probiotics,https://organoli.com/wp-content/uploads/2025/08/optibac-s-boulardii.png
saccharomyces-boulardii-cytoplan250mg-30-capsules,"Saccharomyces Boulardii (Cytoplan),250mg, 30 capsules",,Provides five billion live viable colonies of Saccharomyces Boulardii per capsule,3500,USD,false,,probiotics,https://organoli.com/wp-content/uploads/2025/08/cytoplan-saccharoyces-boulardii.png
magnesium-glycinate-vimergy-60-capsules,"Magnesium Glycinate (Vimergy), 60 capsules",,Stress Support – Chelated to Avoid Tummy Upset*– Promotes Heart Health & Energy,5500,USD,true,,vitamins-minerals,https://organoli.com/wp-content/uploads/2025/08/magnesium-glycinate.png
neuro-mag-life-extension-90-capsules,"Neuro -mag (Life Extension), 90 capsules",,"Magnesium plays an important role in your brain, supporting cognitive function. Magnesium L-Threonate is a special form of magnesium well-studied for cognitive health.",8000,USD,true,,vitamins-minerals,https://organoli.com/wp-content/uploads/2025/08/neuro-mag.png
calcium-citrate-pure-encapsulations-180-capsules,"Calcium (Citrate) (Pure encapsulations), 180 capsules",,"Highly absorbable calcium, which supports cardiovascular health. Colon Health: Calcium has been associated with supporting colon health; support colon health with these calcium citrate supplements Bone Support: Calcium Citrate is a highly bioavailable calcium supplement, providing support for bone, cardiovascular, colon, and joint health",7500,USD,false,,vitamins-minerals,https://organoli.com/wp-content/uploads/2025/07/calcium-citrate.png
buffered-ascorbic-acid-capsules-pure-encapsulations-30-capsules,"Buffered Ascorbic Acid Capsules (Pure Encapsulations), 30 capsules",,"Buffered Ascorbic Acid combines calcium, magnesium and potassium ascorbate to create a neutral pH vitamin C for sensitive individuals. Vitamin C contributes to normal psychological function and functioning of the nervous system. Vitamin C contributes to the reduction of tiredness and fatigue.",3800,USD,true,,vitamins-minerals,https://organoli.com/wp-content/uploads/2025/07/buffered-ascorbic-acid-capsules.png
prenatal-nutrients-pure-encapsulations-120-capsules,"Prenatal Nutrients (Pure Encapsulations), 120 capsules",,"Offers a blend of vitamins A and D, minerals, and energy-related elements tailored for childbearing, pregnancy, and lactating women*",9000,USD,false,,hormonal-health,https://organoli.com/wp-content/uploads/2025/07/prenatal-nutrients.png
dim-ultra-pure-encapsulations-60-capsules,"DIM Ultra (Pure Encapsulations), 60 capsules",,,12000,USD,true,,hormonal-health,https://organoli.com/wp-content/uploads/2025/07/DIM-Ultra.png
ashwagandha-pure-encapsulations-60-capsules,"Ashwagandha (Pure Encapsulations), 60 capsules",,"Helps moderate occasional stress, May support cardiovascular, immune and joint function, Supports healthy glucose and lipid metabolism",6500,USD,true,,vitamins-minerals,https://organoli.com/wp-content/uploads/2025/07/ashwagandha-120-s-ash1.png
vitamin-k-with-d3-pure-encapsulations-60-capsules,"Vitamin K with D3 (Pure Encapsulations), 60 capsules",,Vitamin K and Vitamin D contribute to the maintenance of normal bones.,7800,USD,false,,vitamins-minerals,https://organoli.com/wp-content/uploads/2025/07/vitamin-K.png
b-complex-pure-encapsulations-60-capsules,"B Complex (Pure Encapsulations), 60 capsules",,"Supports Neurological Health, Cardiovascular Health, Energy Levels & Nervous System Support",6500,USD,false,,vitamins-minerals,https://organoli.com/wp-content/uploads/2025/07/b-complex-plus.png
quercetin-pure-encapsulations-60-capsules,"Quercetin (Pure Encapsulations), 60 capsules",,"Supports cardiometabolic, cellular and immune health",6500,USD,false,,immune,https://organoli.com/wp-content/uploads/2025/07/quercetin.png
chromium-picolinate-pure-encapsulations-60-capsules,"Chromium Picolinate (Pure Encapsulations), 60 capsules",,"Chromium is important for metabolism, and enzyme activation.",4000,USD,true,,vitamins-minerals,https://organoli.com/wp-content/uploads/2025/07/chromium.png
digestive-enzymes-ultra-with-betaine-hcl-pure-encapsulations-30-capsules,"Digestive Enzymes Ultra with Betaine HCl (Pure Encapsulations), 30 capsules",,"Digestive Enzymes Ultra with Betaine HCl contains a high-strength, broad-spectrum mixture of vegetarian digestive enzymes with Betaine HCl.",4000,USD,false,,gut-digestion,https://organoli.com/wp-content/uploads/2025/07/digestive-enzymes-ultra-with-betaine-HCI.png
digestive-enzymes-ultra-pure-encapsulations-30-capsules,"Digestive Enzymes Ultra (Pure Encapsulations), 30 capsules",,Contains a mixture of vegetarian enzymes developed to support nutrient bioavailability and absorption; supports digestion,4500,USD,false,,gut-digestion,https://organoli.com/wp-content/uploads/2025/07/digestive-enzymes-ultra.png
zinc-bisglycinate-thorne-30mg-60-capsules,"Zinc Bisglycinate (Thorne), 30mg, 60 capsules",,"An optimally absorbed form of zinc to support general wellness, immune function, healthy skin and connective tissue, and eye health*",5500,USD,false,,vitamins-minerals,https://organoli.com/wp-content/uploads/2025/07/thorne-zinc-bisglycinate.png
methyl-b-complex-biocare-60-capsules,"Methyl B Complex (Biocare), 60 capsules",,"Advanced high potency B complex with methylfolate and methyl B12 for energy, nervous system and methylation support.",4500,USD,true,,vitamins-minerals,https://organoli.com/wp-content/uploads/2025/07/Methyl-B-Complex.png
phizz-orange-flavor-20-tablets,"Phizz Orange Flavor, 20 Tablets",,Phizz taps into the power of the sodium-glucose co-transporter to hydrate you 3x faster than water alone. With 7 key electrolytes,2200,USD,true,,protein-performance,https://organoli.com/wp-content/uploads/2025/07/PH-IZZ-daily-energy-orange-1.png
phizz-cherry-flavor-20-tablets,"Phizz Cherry Flavor, 20 Tablets",,Phizz taps into the power of the sodium-glucose co-transporter to hydrate you 3x faster than water alone. With 7 key electrolytes,2200,USD,true,,protein-performance,https://organoli.com/wp-content/uploads/2025/07/PH-IZZ-daily-energy-cherry.png
vitamin-c-support-nhp-60-capsules,"Vitamin C support (NHP), 60 Capsules",,"Help promote normal function of your nervous system, the reduction of tiredness and fatigue and the normal function of your immune system.",5500,USD,false,,immune,https://organoli.com/wp-content/uploads/2025/07/nhp-vitaminc-support.png
osteo-support-nhp-90-capsules,"Osteo Support (NHP), 90 capsules",,"Contains key vitamins and minerals requiried for maintaining bone health. This includes Magnesium, Calcium, Zinc and Vitamin D. It is specifically designed for those with osteoporosis or osteopenia in mind.",8500,USD,true,,vitamins-minerals,https://organoli.com/wp-content/uploads/2025/07/osteo-support.png
zero-sugar-kids-multi-gummies-ages-4-orange-lemonnordic-naturals-120-gummies,"Zero Sugar Kids Multi Gummies, Ages 4 +, Orange Lemon,(Nordic Naturals), 120 Gummies",,"Provides essential nutrients kids need, including zinc and vitamins A, B, C, D3, & E",6000,USD,false,,vitamins-minerals,"https://organoli.com/wp-content/uploads/2025/06/40.jpg, https://organoli.com/wp-content/uploads/2025/06/40.avif"
vitamin-d-k2-thorne30-ml,"Vitamin D + K2, (Thorne),30 ml",,"Support bone and muscle health, as well as cardiovascular health and immune function",5500,USD,false,,vitamins-minerals,https://organoli.com/wp-content/uploads/2025/06/107.avif
vitamin-d3natrol-60-tablets,"Vitamin D3,(Natrol), 60 Tablets",,Vitamin D3 is essential for bone health and supports immune health. It restores low Vitamin D levels.,3800,USD,false,,vitamins-minerals,https://organoli.com/wp-content/uploads/2025/06/92.avif
omega-3-fish-oil-morepa-prenatal-minami-60-capsules,"Omega-3 Fish Oil, MorEPA Prenatal (Minami), 60 capsules",,"Made for pregnant women, with a higher amount of DHA (docosahexaenoic acid) than EPA (eicosapentaenoic acid), as growing foetuses have a greater need for DHA than EPA as it helps with the development of the brain, eyes and cell fluidity.",9000,USD,false,,hormonal-health,https://organoli.com/wp-content/uploads/2025/06/Minami-MorDHA-Prenatal-Capsules-60-510x510-1.webp
trizomal-glutathione-236ml,"Trizomal Glutathione, (Apex Energetics), 236ml",,"Supports intracellular and mitochondrial antioxidant processes
Supports healthy brain function
Supports balanced immune system function
Gives the body three ways to increase and optimize glutathione levels",11500,USD,false,,immune,https://organoli.com/wp-content/uploads/2025/06/1-Untitled.jpg
5-htp-sfi-health-100-capsules,"5-HTP (SFI Health), 100 capsules",,,6500,USD,false,,wellness-care,https://organoli.com/wp-content/uploads/2025/06/SFI-5-HTP.png
oligo-alfer-plus-solgar-90caps,"Oligo Alfer Plus, Solgar, 90caps",,,5000,USD,false,,wellness-care,https://organoli.com/wp-content/uploads/2025/06/oligo-alfer.png
sports-research-evening-primrose-1300-mg-120-softgels,"Sports Research, Evening Primrose, 1,300 mg, 120 Softgels",,,4800,USD,false,,wellness-care,https://organoli.com/wp-content/uploads/2025/06/sr_evening_20primrose_1300mg_120ct_fg104_front_mainline_20_1_20_1_20_1.webp
megaigg2000-microbiome-labs-120-capsules,MegaIgG2000 (Microbiome Labs) 120 Capsules,,,9800,USD,false,,wellness-care,https://organoli.com/wp-content/uploads/2025/06/mega-ig2000.png
vitamin-b-complex-lake-avenue-nutrition30-capsules,"Vitamin B Complex (Lake Avenue Nutrition),30 Capsules",,,2000,USD,false,,vitamins-minerals,https://organoli.com/wp-content/uploads/2025/06/Lake-Avenue-Nutrition-High-Potency-Vitamin-B-Complex-30-Veggie-Capsules_dbe25be5-a953-46b1-86b4-41374894d88f.01033a37829388ae07170524d1980fa6.webp
nac-n-acetyl-cysteine-600-mg-now100-capsules,"NAC (N-Acetyl Cysteine) 600 mg (NOW),100 Capsules",,,6000,USD,false,,wellness-care,https://organoli.com/wp-content/uploads/2025/06/NAC-now.png
metabolic-dailypendulummuciniphila30-capsules,"Metabolic Daily(Pendulum),Muciniphila30 Capsules",,Multi-Strain Probiotic with Akkermansia to Support Metabolism and Sustain Energy Levels – for Women and Men –,6500,USD,false,,probiotics,https://organoli.com/wp-content/uploads/2025/06/pendulum-metabolic-daily.png
p-5-p-25-mg-seeking-health100-capsules,"P-5-P, 25 mg (Seeking Health),100 Capsules",,"Active, bioavailable form of vitamin B6
Homocysteine metabolism support
Supports a healthy mood",4000,USD,false,,wellness-care,https://organoli.com/wp-content/uploads/2025/06/seeking-health-p5p.png
fully-active-b-complex-doctors-best-60-veggie-caps,"Fully Active B Complex (Doctor’s Best, ), 60 Veggie Caps",,,2000,USD,false,,wellness-care,"https://organoli.com/wp-content/uploads/2025/06/drs-best-fully-active-b-complex.png, https://organoli.com/wp-content/uploads/2025/06/61Zpf3mO1L._AC_SY300_SX300_.jpg"
adrestore-biomedica-60-capsules,"AdRestore (BioMedica), 60 capsules",Support a healthy stress response in the body and contains herbs to enhance physiological adaptation to stress,,5000,USD,false,,vitamins-minerals,https://organoli.com/wp-content/uploads/2025/05/biomedica-adrestore.png
gut-nutrients-seeking-health-peach-flavor-232g,"Gut Nutrients (Seeking Health), Peach Flavor, 232g","Supports a healthy lining of the stomach , intestines and bladder",,9600,USD,false,,gut-digestion,https://organoli.com/wp-content/uploads/2025/05/gut-nutrients.png
collagen-peptides-kiki-health-150-capsules,"Collagen Peptides (Kiki Health), 150 capsules",Hydrolysed Collagen Type I & III,,5000,USD,true,,collagen-beauty,https://organoli.com/wp-content/uploads/2025/05/collagen-peptides.png
pure-marine-collagen-kiki-health-200g,"Pure Marine Collagen (Kiki Health), 200g",Hydrolysed Collagen,,5500,USD,true,,collagen-beauty,https://organoli.com/wp-content/uploads/2025/05/pure-marine-collageb-kiki-health.png
liposomal-vitamin-c-nordic-health-150-ml,"Liposomal Vitamin C (Nordic Health), 150 ml",Contributes to normal immune system function,,4500,USD,false,,immune,https://organoli.com/wp-content/uploads/2025/05/liposomal-vitaminc.png
mastic-gum-allergy-research-group,Mastic Gum (Allergy Research Group),"Supports a healthy microbial balance in the gastrointestinal tract, & normal cholesterol and blood pressure within normal ranges*",,7800,USD,false,,gut-digestion,https://organoli.com/wp-content/uploads/2025/05/mastica.png
ubiquinone-100mg-coenzymeq10-vitavea-30-capsules,"Ubiquinone 100mg, CoenzymeQ10 (Vitavea), 30 capsules",Anti oxidant Coenzyme Q10 vitamin and cell protection,,3200,USD,true,,gut-digestion,https://organoli.com/wp-content/uploads/2025/05/Nutrisante-Vitavea-Coenzyme-Q10-30-gelules-.png
ovacyst-quatrefolic-30-capsules,"OvaCyst (QuatreFolic), 30 capsules","Ovarian Health, Regular cycles, Hormonal Balance, Wellbeing",,1600,USD,true,,hormonal-health,https://organoli.com/wp-content/uploads/2025/03/ovacyst.png
vita-metafolic-solgar-50-capsules,"VITA METAFOLIC (Solgar), 50 capsules",,,5800,USD,false,,vitamins-minerals,https://organoli.com/wp-content/uploads/2025/02/vita-metafolic.png
vistavital-solgar-60-capsules,"VISTAVITAL (Solgar), 60 capsules","For the visual function, the most effective antioxidants.",,5500,USD,false,,vitamins-minerals,https://organoli.com/wp-content/uploads/2025/02/vistavital.png
vitamin-d-400-u-i-metagenics-168-chewable-tablets,"Vitamin D 400 U.I (Metagenics), 168 chewable tablets","Supports the immune system
Maintenance of strong bones",,4500,USD,false,,vitamins-minerals,https://organoli.com/wp-content/uploads/2025/02/vitamin-d.png
meta-relax-metagenics-90-capsules,"Meta Relax (Metagenics), 90 Capsules","Stress relief, in case of fatigue, relaxed muscles",,5000,USD,false,,vitamins-minerals,https://organoli.com/wp-content/uploads/2025/02/metarelax.png
metaclear-metagenics-30-capsules,"MetaClear (Metagenics), 30 capsules",Supports liver and gallbladder functions,,4500,USD,false,,gut-digestion,https://organoli.com/wp-content/uploads/2025/02/metaclear.png
pure-marine-collagen-kiki-health-150-capsules,"Pure Marine Collagen (Kiki Health), 150 capsules",Hydrolysed Collagen,,6000,USD,false,,collagen-beauty,https://organoli.com/wp-content/uploads/2025/02/pure-marine-collagen.png
castor-oil-heritage-store-118ml,"Castor Oil (Heritage Store), 118ml","Nourishing Treatment. For Body, Hair & Brows 100% Cold pressed",,1500,USD,false,,collagen-beauty,https://organoli.com/wp-content/uploads/2025/02/castor-oil-118.png
castor-oil-heritage-store-237ml,"Castor Oil (Heritage Store), 237ml","Nourishing Treatment. For Body, Hair & Brows 100% Cold pressed",,2000,USD,true,,collagen-beauty,https://organoli.com/wp-content/uploads/2025/02/castor-oil-237.png
tmg-trimethylglycine-750mg-nutricost-120-capsules,"TMG (Trimethylglycine) 750mg, (Nutricost), 120 Capsules",An excellent supplement for maintaining healthy homocysteine levels.,,4000,USD,false,,vitamins-minerals,https://organoli.com/wp-content/uploads/2025/02/nutricost-tmg.png
optimized-folate-l-methylfolate-1700-mcg-life-extension-100-capsules,"Optimized Folate (L-Methylfolate) 1700 mcg, (Life Extension), 100 capsules","Heart & brain health, healthy homocysteine levels",,4000,USD,false,,vitamins-minerals,https://organoli.com/wp-content/uploads/2025/02/life-extension-optimized-folate-L-Methylfolate.png
glutamine-higher-nature-90-capsules,"Glutamine (Higher Nature), 90 capsules",Provides cells in the digestive tract with a source of energy,,4000,USD,false,,protein-performance,https://organoli.com/wp-content/uploads/2025/02/higher-nature-glutamine.png
alpha-lipoic-acid-250mg-health-aid-60-apsules,"Alpha Lipoic Acid, 250mg (Health Aid), 60 apsules","Brain, muscle and energy co-ordination",,4000,USD,false,,vitamins-minerals,https://organoli.com/wp-content/uploads/2025/02/health-aid-alpha-lipoic-acid.png
myo-d-chiro-inositol-2000mg-nutricost-women-120-capsules,"Myo & D-Chiro Inositol, 2000mg (Nutricost Women), 120 capsules",,,5500,USD,true,,hormonal-health,https://organoli.com/wp-content/uploads/2025/02/nutricost-women-Myo-D-Chiro-Inositol.png
creatine-monohydrate-powder-5000mg-unflavored-body-builder-300g,"Creatine monohydrate powder 5000mg, Unflavored, (Body Builder), 300g","Energy Production, Improves strength, Resistance power, Muscle Growth",,3500,USD,false,,protein-performance,https://organoli.com/wp-content/uploads/2025/02/bb-creatine.png
creatine-micronized-creatine-monohydrate-unflavored-legion-60-servings-312g,"Creatine, Micronized Creatine Monohydrate, Unflavored, (Legion), 60 servings (312g)","Boosts Muscle and Strength Gain, Enhances Post-Workout Recovery, Improves Muscle Endurance",,7000,USD,false,,protein-performance,https://organoli.com/wp-content/uploads/2025/02/legion-creatine.png
broccoli-seed-for-sprouting113g-now,"Broccoli Seed For Sprouting,113g, (NOW)",Broccoli is one of the healthiest vegetables around due to naturally occurring sulforaphane glucosinolate. Did you know that broccoli sprouts naturally have about 50 times more sulforaphane potential than broccoli florets?,,3500,USD,true,,wellness-care,https://organoli.com/wp-content/uploads/2025/02/broccoli-seeds.png
organic-lions-mane-otzibrew-40g-20-servings,"Organic Lion’s Mane, (Ötzibrew), 40g/20 servings","Organically grown and sustainable, Ötzibrew Lion’s Mane is a mood boosting, nootropic and adaptogenic ingredient which helps to support focus and memory.",,7500,USD,false,,vitamins-minerals,https://organoli.com/wp-content/uploads/2025/01/organically-grown-sustainable-lions-mane.png
100-natural-inulin-powder-nkd-living-1kg,"100% Natural Inulin Powder, (NKD Living), 1Kg","High Grade Pure Inulin Powder, 89% soluble fiber",,4200,USD,false,,gut-digestion,https://organoli.com/wp-content/uploads/2025/01/nkd-living-inulin.png
inulin-powder-100-pure-with-fos-natures-aid-250g,"Inulin Powder 100% Pure with fos, (Natures Aid), 250g",100% natural and can be added to any food or drink,,3500,USD,true,,gut-digestion,https://organoli.com/wp-content/uploads/2025/01/natures-aid-inulin.png
organic-inulin-powder-100-blue-agave-kiki-health-250g,"Organic Inulin Powder, 100% Blue Agave, (Kiki Health), 250g",93% Soluble Plant Based Dietary Fiber,,3600,USD,false,,gut-digestion,https://organoli.com/wp-content/uploads/2025/01/organic-inulin-kiki-health.png
whey-protein-isolate-pulsin-1kg,"Whey Protein Isolate (Pulsin), 1Kg",Natural Unflavoured 93% protein,,10500,USD,false,,protein-performance,https://organoli.com/wp-content/uploads/2025/01/pulsin-whey-protein.png
nuzest-clean-lean-protein-rich-just-natural-500g,"Nuzest – Clean Lean Protein Rich Just Natural, 500g","Just Clean, Lean European Golden Pea Protein with delicious natural flavors.",,7300,USD,false,,protein-performance,https://organoli.com/wp-content/uploads/2025/01/clean-lean-protein.png
bone-broth-collagen-organic-grass-fed-powder-250g,"Bone Broth Collagen Organic & Grass Fed powder, 250g",,,9500,USD,true,,collagen-beauty,https://organoli.com/wp-content/uploads/2025/01/bone-broth.png
daily-iron-shots-spatone-28-sachets,"Daily Iron Shots (Spatone), 28 Sachets",Taking Spatone Daily Iron Shots helps ensure you get your daily absorbed iron with fewer of the typical side effects associated with iron supplements.,,3000,USD,false,,vitamins-minerals,https://organoli.com/wp-content/uploads/2024/12/spatone-iron.png
omega-ease-biomedica-180-capsules,"Omega Ease (BioMedica), 180 capsules","High-quality and sustainably sourced fish oil, with Citranillin for enhanced taste mega Ease, is a premium quality omega-3 supplement containing highly purified oil from certified sustainable sources.",,10500,USD,false,,vitamins-minerals,https://organoli.com/wp-content/uploads/2024/12/biomedica-omega-ease.png
creatine-monohydrate-designs-for-sports-450g,"Creatine Monohydrate (Designs For Sports), 450g","Creatine-monohydrate is the most extensively studied supplement to promote exercise performance, ATP efficiency, training adaptations, and help maintain muscle mass during the natural aging process",,7200,USD,false,,protein-performance,https://organoli.com/wp-content/uploads/2024/12/creatine-monohydrate.png
gi-repair-advanced-formula-new-roots-herbal-190g,"GI – Repair Advanced Formula (New Roots Herbal), 190g",Digestive Health,,7500,USD,false,,gut-digestion,https://organoli.com/wp-content/uploads/2024/12/gi-repair-advanced-formula-new-roots.png
adhealth-f-biomedica90-capsules,"Adhealth F (BioMedica),90 capsules",A comprehensive foundational stress-adaption formula,,5800,USD,false,,hormonal-health,https://organoli.com/wp-content/uploads/2024/12/biomedica-adhealth-f.png
ocean-kelp-higher-nature-180-capsules,"Ocean Kelp (Higher Nature), 180 capsules",Ocean kelp helps to maintain a healthy thyroid function and therefore helps to maintain a healthy body weight.,,3000,USD,false,,hormonal-health,https://organoli.com/wp-content/uploads/2024/12/higher-nature-ocean-kelp.png
advanced-glucose-support-higher-nature-90-capsules,"Advanced Glucose Support (Higher Nature), 90 capsules","A comprehensive formulation of 13 expertly chosen vitamins, minerals and botanicals. Contains chromium which supports normal blood glucose levels and macronutrient metabolism and magnesium to support energy levels, zinc for carbohydrate metabolism and cinnamon and liquorice for added benefits.",,4500,USD,false,,vitamins-minerals,https://organoli.com/wp-content/uploads/2024/12/higher-nature-advanced-glucose.png
lysine-higher-nature-90-capsules,"Lysine (Higher Nature), 90 capsules","This essential amino acid is needed to produce carnitine, which helps the body metabolise fats to produce energy, as well as collagen, the most abundant protein in the body",,3000,USD,false,,immune,https://organoli.com/wp-content/uploads/2024/12/higher-nature-lysine.png
turmero-active-k-75-apex-energetics-236ml,"Turmero Active, K-75 (Apex Energetics), 236ml",An emulsified micronized formulation that delivers a concentrated source of curcuminoids (standardized to 95%) combined with black pepper extract in a pleasant-tasting liquid.,,8000,USD,true,,vitamins-minerals,https://organoli.com/wp-content/uploads/2024/12/turmero-active.png
ashwagandha-extract-solaray-470mg-60-capsules,"Ashwagandha Extract (Solaray), 470mg, 60 capsules","Ashwagandha is a potent adaptogen, helping the body to adapt to physical, environmental and emotional stressors.",,4500,USD,false,,vitamins-minerals,https://organoli.com/wp-content/uploads/2024/12/solary-vital-extracts-ashwagandha.png
organic-ashwagandha-ayurvediq-wellness-120-capsules,"Organic Ashwagandha, Ayurvediq Wellness, 120 capsules","Ashwagandha may help your body manage stress more effectively. It may also lower your blood sugar levels and improve sleep, memory, muscle growth, and male fertility",,6000,USD,false,,vitamins-minerals,https://organoli.com/wp-content/uploads/2024/12/organic-ashwagandha.png
ashwagandha-root-extract-health-aid-60-capsules,"Ashwagandha Root Extract (Health Aid), 60 capsules","Potential effects on stress and mood control, energy and vitality, cognitive function, immune system function and physical endurance.",,4500,USD,false,,vitamins-minerals,https://organoli.com/wp-content/uploads/2024/12/health-aid-ashwagandha.png
dentalcidin-biocidin-90ml,"Dentalcidin (Biocidin), 90ml","Fluoride Free Toothpaste for Daily Oral Care, Teeth Whitening, Gentle Wellness Toothpaste",,4000,USD,false,,wellness-care,https://organoli.com/wp-content/uploads/2024/12/biocidin-dental-cidin.png
castor-oil-organic-the-best-100ml,"Castor Oil, (Organic The Best), 100ml","For Hair, Eyelashes, and Eyebrows: Helps strengthen and thicken your hair, many people use it to promote hair growth.",,1500,USD,false,,wellness-care,https://organoli.com/wp-content/uploads/2024/12/organic-the-best-castor-oil.png
my-magic-mud-spearmint-1-06-oz,"My Magic Mud – Spearmint, 1.06 oz.","Whitening Tooth Powder, Polishing, Brightening, Charcoal,",,1600,USD,true,,wellness-care,https://organoli.com/wp-content/uploads/2024/12/tooth-powder.png
bromelain-health-aid-500mg-30-capsules,"Bromelain (Health Aid), 500mg, 30 capsules","A potent digestive aid found in some plants. It has been traditionally used to benefit digestion and absorption of vital nutrients, joint health, energy levels, immunity, lining of the gastrointestinal tract, and slimming",,3000,USD,true,,gut-digestion,https://organoli.com/wp-content/uploads/2024/12/health-aid-vegan-bromelain.png
milk-thistle-complex-two-a-day-health-aid-60-capsules,"Milk Thistle Complex, Two – a – day (Health Aid), 60 capsules",Helps Maintain Liver Health and Support Detoxification Processes,,3700,USD,false,,gut-digestion,https://organoli.com/wp-content/uploads/2024/12/milk-thistle-complec-amino-aciids.png
folate-together-health-30-capsules,"Folate, (Together Health), 30 capsules",From Spinach Extract. Contains naturally occuring bioactve co – nutrients,,2500,USD,false,,vitamins-minerals,https://organoli.com/wp-content/uploads/2024/12/together-health-folate.png
bio-zinc-together-health-30-capsules,"Bio Zinc, (Together Health), 30 capsules",Guava Leaf Extract with naturak occuring bioactive co – nutrients,,3500,USD,false,,vitamins-minerals,https://organoli.com/wp-content/uploads/2024/12/together-health-organic-bio-zinc.png
bio-berberine-complex-berberis-60-capsules,"Bio – Berberine Complex (Berberis), 60 capsules",Supports glucose metabolism and healthy blood sugar levels as well as cardiovascular and gastrointestinal health,,8000,USD,false,,gut-digestion,https://organoli.com/wp-content/uploads/2024/12/bioberberine-complex-berberis.png
bio-berberine-advanced-berberis-60-capsules,"Bio – Berberine Advanced (Berberis), 60 capsules",Berberine encourages decreased sugar production in your liver and helps your body break down sugars in your cells.,,9700,USD,false,,gut-digestion,https://organoli.com/wp-content/uploads/2024/12/bio-berberine.png
omega-3-fish-oil-morepa-original-minami-60-capsules,"Omega-3 Fish Oil, MorEPA Original (Minami), 60 capsules",EPA & DHA Support Heart Function DHA Supports Brain & Vision,,8500,USD,false,,vitamins-minerals,https://organoli.com/wp-content/uploads/2024/12/minami-omega-3-fish.png
omega-3-algae-oil-vegan-dha-minami-250mg-60-capsules,"Omega – 3 Algae Oil, Vegan DHA (Minami), 250mg, 60 capsules",DHA Supports Brain& Eye Function,,8500,USD,false,,vitamins-minerals,https://organoli.com/wp-content/uploads/2024/12/minami-vegandha.png
vitamin-d3-10000-iu-health-aid-30-capsules,"Vitamin D3 10,000 iu, (Health Aid), 30 capsules","Strong healthy bones, Immune Support, Cholecalciferol",,3800,USD,false,,vitamins-minerals,https://organoli.com/wp-content/uploads/2024/12/vitamin-d3.png
fruits-and-fibers-regular-rhubarb-figs-tamarind-dates-ortis-12-pcs,"Fruits and Fibers Regular, Rhubarb, figs, tamarind + Dates (Ortis), 12 pcs","Digestive Health, Intestinal Transit",,2000,USD,false,,gut-digestion,https://organoli.com/wp-content/uploads/2024/12/fruits-fibres-digestive-health.png
zinc-picolinate-allergy-research-group-60-capsules,"Zinc Picolinate (Allergy Research Group), 60 capsules",A trace mineral involved in more than 300 enzymes reactions in the body. In stable zinc picolinate form,,3000,USD,false,,vitamins-minerals,https://organoli.com/wp-content/uploads/2024/12/zinc-picolinate.png
chromium-picolinate-balanced-30-capsules,"Chromium Picolinate (Balanced), 30 capsules",Contributes to the maintenance of normal blood glucose levels,,3000,USD,false,,vitamins-minerals,https://organoli.com/wp-content/uploads/2024/12/balanced-chromium-picolinate.png
methyl-b12-with-l-methylfolate-seeking-health-60-capsules,"Methyl B12 with L-Methylfolate (Seeking Health), 60 capsules","MTHFR, Methylation, Brain Health & Energy, Support",,4000,USD,false,,vitamins-minerals,https://organoli.com/wp-content/uploads/2024/12/seeking-health-b12.png
magnesium-bisglycinate-solaray-350mg-120-capsules,"Magnesium Bisglycinate (Solaray), 350mg, 120 capsules","Bones maintenance, Muscle Function, Psychological function",,5800,USD,false,,vitamins-minerals,https://organoli.com/wp-content/uploads/2024/12/solary-mg-bisglycinate.png
sacardi-one-a-day-health-aid-30-capsules,"Sacardi one – a – day (Health Aid), 30 capsules",Saccharomyces Boulardii 5 Billion with FOS & Vitamin B3,,4000,USD,false,,probiotics,https://organoli.com/wp-content/uploads/2024/12/sacardi.png
saccharomyces-boulardii-optibac-16-capsules,"Saccharomyces Boulardii (Optibac), 16 capsules","OptiBac Probiotics S.Boulardii contains 5 billion microorganisms of pure Saccharomyces Boulardii, a natural and safe probiotic yeast to help support normal bowel health.",,2000,USD,false,,probiotics,https://organoli.com/wp-content/uploads/2024/12/optibac.png
pure-magnesium-bisglycinate-prizmag-90-capsules,"Pure Magnesium Bisglycinate (PrizMAG), 90 capsules","Offers pure magnesium bisglycinate, one of the most highly absorbable forms of magnesium. Magnesium is essential for relaxation and getting a good night’s sleep.",,6500,USD,true,,vitamins-minerals,https://organoli.com/wp-content/uploads/2024/12/itlhealth-pure-mg.png
hunter-gather-marine-collagen-unflavoured-300g,"Hunter & Gather Marine Collagen Unflavoured, 300g",,,6000,USD,false,,collagen-beauty,https://organoli.com/wp-content/uploads/2024/12/marine-collagen.png
vital-proteins-collagen-peptides-284g,"Vital Proteins Collagen Peptides, 284g",Unflavored,,6500,USD,true,,collagen-beauty,https://organoli.com/wp-content/uploads/2024/12/collagen-peptides.png
protein-blend-choc-hazelnut-flavour-complete-vegan-pulsin-280g,"Protein Blend Choc Hazelnut Flavour, Complete Vegan – Pulsin, 280g","20g Protein per serving
NO Artificial Ingredients
Less than 1g Sugar per serving",,3500,USD,false,,protein-performance,https://organoli.com/wp-content/uploads/2024/12/pulsin-protein-blend.png
nuzest-clean-lean-protein-rich-chocolate,Nuzest – Clean Lean Protein Rich Chocolate,"Just Clean, Lean European Golden Pea Protein with delicious natural flavors.
No Fillers, No Preservatives and nothing artificial",,7200,USD,false,,protein-performance,https://organoli.com/wp-content/uploads/2024/12/nuzest-clean-lean-protein-rich-chocolte.png
candida-support-dr-tobias-60-capsules,"Candida Support (Dr. Tobias), 60 capsules",Supports intestinal flora,,6000,USD,true,,gut-digestion,https://organoli.com/wp-content/uploads/2024/12/candida-support.png
strawberry-lemonade-electrolytes-nuun-10-tablets,"Strawberry Lemonade Electrolytes (Nuun), 10 tablets",Sport Hydration,,1800,USD,false,,protein-performance,https://organoli.com/wp-content/uploads/2024/12/nuun-sport-hydration.png
sam-e-protocol-for-life-balance-400mg-60-capsules,"SAM e (Protocol For Life Balance), 400mg, 60 capsules",Supports nervous system and joint health,,10500,USD,false,,vitamins-minerals,https://organoli.com/wp-content/uploads/2024/12/SAMe-400mg.png
active-b12-folate-sfi-health-60-capsules,"Active B12 – Folate (SFI Health), 60 Capsules","Supports red blood cell function, Energy Metabolism, Neurological Health",,4500,USD,false,,vitamins-minerals,https://organoli.com/wp-content/uploads/2024/12/active-b12.png
clarinol-xs-omicron-60-capsules,"Clarinol XS (Omicron) , 60 capsules",A natural ingredient for weight management that has been shown to help reshape bodies by reducing body fat and building lean muscle.,,4500,USD,false,,wellness-care,https://organoli.com/wp-content/uploads/2024/12/clarinolxs.png
lime-electrolytes-humantra-20-stick-packets,"Lime Electrolytes (Humantra), 20 stick packets",A repleneshing electrolyte and antioxidant mix with a refreshing Himalayan lime flavour. Get all 6 electrolytes and a blend of vitamins and minerals in handy individual serving sticks for a daily hydration and immunity support.,,4500,USD,true,,protein-performance,https://organoli.com/wp-content/uploads/2024/12/Humantra_Eccom_LIME.png
elderberry-electrolytes-humantra-20-stick-packets,"Elderberry Electrolytes (Humantra), 20 stick packets",A repleneshing electrolyte and antioxidant mix with a refreshing Himalayan lime flavour. Get all 6 electrolytes and a blend of vitamins and minerals in handy individual serving sticks for a daily hydration and immunity support.,,4500,USD,false,,protein-performance,https://organoli.com/wp-content/uploads/2024/12/Humantra_Eccom_ELDERBERRY_.png
5-htp-natures-way50mg-30-capsules,"5- HTP (Nature’s Way)50mg, 30 capsules",Helps make serotonin to support a positive Mood,,3000,USD,false,,vitamins-minerals,https://organoli.com/wp-content/uploads/2024/12/5-htp.png
melatonin-natrol-5mg-100-capsules,"Melatonin (Natrol), 5mg, 100 Capsules",Sleep support through the night,,4000,USD,false,,vitamins-minerals,https://organoli.com/wp-content/uploads/2024/12/natron-melatonin.png
chaste-tree-vitex-pure-encapsulations-60-capsules,"Chaste Tree Vitex (Pure Encapsulations), 60 capsules",Support for femal reproductive health,,4000,USD,false,,hormonal-health,https://organoli.com/wp-content/uploads/2024/12/pure-chaste-tree.png
biocidin-remove-biocidin-botanicals-90-capsules,"Biocidin Remove (Biocidin Botanicals), 90 capsules","Supports Microbial Balance, Disrupts Biofilms",,7500,USD,false,,gut-digestion,https://organoli.com/wp-content/uploads/2024/12/biocidin.png
vitex-fruit-natures-way-400mg-100-capsules,"Vitex Fruit (Nature’s Way), 400mg, 100 capsules",Women’s Traditional Menstrual Cycle Support,,3000,USD,true,,hormonal-health,https://organoli.com/wp-content/uploads/2024/12/vitex-fruit.png
betaine-hcl-pepsin-and-gentian-bitters-doctors-best-120-capsules,"Betaine HCL Pepsin and Gentian Bitters (Doctor’s Best), 120 capsules",Helps support digestive efficiency,,3500,USD,false,,gut-digestion,https://organoli.com/wp-content/uploads/2024/12/betaine-hcl-pepsin.png
myo-d-chiro-inositol-fairhaven-health,Myo + D – Chiro Inositol (Fairhaven Health),Designed to support hormonal balance and healthy ovulation,,6500,USD,false,,hormonal-health,https://organoli.com/wp-content/uploads/2024/12/MyoD-chiro-inositol.png
colostrum-ecological-formulas-300mg-60-capsules,"Colostrum ( Ecological Formulas), 300mg, 60 capsules",Formulated to support your body’s immunity and health,,4800,USD,false,,immune,https://organoli.com/wp-content/uploads/2024/12/ecological-formulas-colostrum.png
fermix-surveal-laboratoires-30-capsules,"Fermix (Surveal Laboratoires), 30 capsules",Fermix is an integrated Iron supplement with Magnesium and Vitamins.,,1500,USD,false,,vitamins-minerals,https://organoli.com/wp-content/uploads/2024/12/fermix.png
pycnogenol-natures-way-50mg-30-capsules,"Pycnogenol (Nature’s Way), 50mg, 30 capsules",Promotes Healthy Circulation,,5000,USD,false,,vitamins-minerals,https://organoli.com/wp-content/uploads/2024/12/pycnogenol.png
adrenal-cortex-sfi-health-120-capsules,"Adrenal Cortex (SFI Health), 120 capsules","Promotes Healthy Mood, Supports Healthy Adrenal Function",,5800,USD,false,,hormonal-health,https://organoli.com/wp-content/uploads/2024/12/adrenal-cortex.png
ashwagandha-now-450mg-90-capsules,"Ashwagandha (Now), 450mg, 90 capsules","Ayurvedic Adaptogen, Free Radical Scavenger, Immune System Support",,4200,USD,false,,immune,https://organoli.com/wp-content/uploads/2024/12/now-ashwagandha.png
nutri-support-nhp-60-capsules,"Nutri Support (NHP), 60 capsules",A special multivitamin and mineral that contains all the most important nutrients scientifically proven to help reduce fat from around your middle,,6500,USD,false,,vitamins-minerals,https://organoli.com/wp-content/uploads/2024/12/nhp-nutrisupport.png
vitamin-d3-k2-solaray-125-mcg-50mcg-120-capsules,"Vitamin D3 + K2 (Solaray), 125 mcg, 50mcg, 120 capsules",Bone strength,,7000,USD,false,,vitamins-minerals,https://organoli.com/wp-content/uploads/2024/10/Solary-Vitamin-D3-K2.png
maxiflora,Maxiflora 30 capsules,"10 probiotic strains, shelf stable, promotes digestive and immune health, 30 Billion CFU",,5500,USD,true,,probiotics,"https://organoli.com/wp-content/uploads/2024/11/MaxiFlora30-1.png, https://organoli.com/wp-content/uploads/2024/11/MaxiFlora30-1.png"
vitamin-k2-together-health-30-capsules,"Vitamin K2 (Together Health), 30 capsules",From fermented chickpeas,,2000,USD,false,,vitamins-minerals,"https://organoli.com/wp-content/uploads/2024/11/together-health-Vitamin-K2.png, https://organoli.com/wp-content/uploads/2024/11/81q81ydauWL._AC_SX569_PIbundle-3TopRight00_SH20_.jpg, https://organoli.com/wp-content/uploads/2024/11/815Idn53pzL._AC_SX569_.jpg, https://organoli.com/wp-content/uploads/2024/11/71Qrm2K4YL._AC_SX679_.jpg, https://organoli.com/wp-content/uploads/2024/11/61sZZGtO0FL._AC_SX679_-1.jpg, https://organoli.com/wp-content/uploads/2024/11/71auIz87UXL._AC_SX679_.jpg"
bromelain-life-extension-500mg-60-capsules,"Bromelain (Life Extension), 500mg, 60 capsules",,,5000,USD,false,,gut-digestion,"https://organoli.com/wp-content/uploads/2024/11/bromelain-500mg.png, https://organoli.com/wp-content/uploads/2024/11/bromelain-500mg.png"
l-cysteine-lake-avenue-nutrition-500mg-90-capsules,"L- Cysteine (Lake avenue nutrition), 500mg, 90 capsules",,,3500,USD,false,,wellness-care,"https://organoli.com/wp-content/uploads/2024/11/L-Cysteine.png, https://organoli.com/wp-content/uploads/2024/11/14.avif, https://organoli.com/wp-content/uploads/2024/11/17.avif, https://organoli.com/wp-content/uploads/2024/11/19.avif, https://organoli.com/wp-content/uploads/2024/11/L-Cysteine.png"
nutri-immune-nhp-60-capsules,"Nutri Immune (NHP), 60 capsules",A special multivitamin and mineral that contains all the most important nutrients scientifically proven to help reduce fat from around your middle,,6200,USD,false,,immune,"https://organoli.com/wp-content/uploads/2024/11/NHP-Immune-nutrition-support.png, https://organoli.com/wp-content/uploads/2024/11/61CDfRy9BDL._AC_SX679_.jpg, https://organoli.com/wp-content/uploads/2024/11/51rMKuJm57L._AC_SX679_.jpg, https://organoli.com/wp-content/uploads/2024/11/71nbHqk9mqL._AC_SX679_.jpg, https://organoli.com/wp-content/uploads/2024/11/6172l2wJ2QL._AC_SX679_.jpg, https://organoli.com/wp-content/uploads/2024/11/61nmEX5uKIL._AC_SX679_.jpg"
bio-pycogenol-pharma-nord-40mg-30-tablets,"Bio – Pycogenol (Pharma Nord) 40mg , 30 Tablets",,,3500,USD,false,,vitamins-minerals,https://organoli.com/wp-content/uploads/2024/11/BIO-PYCNOGENOL.png
yeast-cleanse-solaray-90-capsules,"Yeast Cleanse (Solaray), 90 capsules",,,4000,USD,false,,gut-digestion,"https://organoli.com/wp-content/uploads/2024/11/Solary-yeast-cleansec.png, https://organoli.com/wp-content/uploads/2024/11/Solary-yeast-cleansec.png"
omega-3-premium-fish-oil-by-california-gold-nutrition,Omega-3 Premium Fish Oil by California Gold Nutrition,"Associated with maintaining an optimal lipid profile and health benefits. Omega-3s are thought to provide many other benefits and may help to support immune health and healthy cognitive and brain functions, which can help promote overall health.",,4000,USD,false,,immune,"https://organoli.com/wp-content/uploads/2024/11/Omega3-Premium-Fish-Oil.png, https://organoli.com/wp-content/uploads/2024/11/71Tn0F4jiL._AC_SX679_.jpg, https://organoli.com/wp-content/uploads/2024/11/51TudJDGKTL._AC_SX679_.jpg, https://organoli.com/wp-content/uploads/2024/11/71ICRhaGYxL._AC_SX679_.jpg, https://organoli.com/wp-content/uploads/2024/11/61rwQHsEkrL._AC_SX679_.jpg, https://organoli.com/wp-content/uploads/2024/11/Omega3-Premium-Fish-Oil.png"
calori-light-forte-pharma-30-gelules,"Calori Light (Forte Pharma), 30 Gelules",To help you manage your occasional dietary gaps,,3000,USD,true,,wellness-care,"https://organoli.com/wp-content/uploads/2024/11/forte-pharma-calorilight-30-capsules.jpg.png, https://organoli.com/wp-content/uploads/2024/11/81TsEZni-lL._AC_SX679_.jpg, https://organoli.com/wp-content/uploads/2024/11/61-HSy8FGjL._AC_SX679_.jpg, https://organoli.com/wp-content/uploads/2024/11/81nghbL2csL._AC_SX679_.jpg, https://organoli.com/wp-content/uploads/2024/11/81exhLYPUL._AC_SX679_.jpg, https://organoli.com/wp-content/uploads/2024/11/81DclW1bAIL._AC_SX679_.jpg"
magnesium-glycinate-pure-encapsulation-90-capsules,"Magnesium Glycinate (Pure encapsulation), 90 capsules",,,7000,USD,false,,vitamins-minerals,"https://organoli.com/wp-content/uploads/2024/11/717KacLkz2L.__AC_SX300_SY300_QL70_FMwebp_.png, https://organoli.com/wp-content/uploads/2024/11/81TsEZni-lL._AC_SX679_.jpg, https://organoli.com/wp-content/uploads/2024/11/61-HSy8FGjL._AC_SX679_.jpg, https://organoli.com/wp-content/uploads/2024/11/81nghbL2csL._AC_SX679_.jpg, https://organoli.com/wp-content/uploads/2024/11/81exhLYPUL._AC_SX679_.jpg, https://organoli.com/wp-content/uploads/2024/11/81DclW1bAIL._AC_SX679_.jpg"
broccolox-bioactive-nordic-health-80-capsules,Broccolox bioactive (Nordic Health). 80 capsules,Highly-concentrated source of broccoli phytonutrients.,,9000,USD,true,,immune,"https://organoli.com/wp-content/uploads/2024/11/broccolox-bioactive-nordic-health-1.png, https://organoli.com/wp-content/uploads/2024/11/broccolox-bioactive-nordic-health-1.png"
dim-i3c-with-pqq-seeking-health-60-capsules,"DIM + I3C with PQQ (Seeking Health), 60 capsules",This supplement is formulated with I3C (indole-3-carbinol) and DIM (diindolylmethane) to support a healthy estrogen balance,,7900,USD,true,,hormonal-health,"https://organoli.com/wp-content/uploads/2024/11/seeking-health-dimi3c.png, https://organoli.com/wp-content/uploads/2024/11/5205-Suppinfo_900x.png"
nac-amino-acid-bio-reasearch-180-capsules,NAC Amino acid (Bio reasearch) 180 capsules,"NAC is essential for the synthesis of glutathione. Glutathione is a critical component of the immune system, as it is an important intracellular water-soluble antioxidant",,7000,USD,false,,immune,"https://organoli.com/wp-content/uploads/2024/11/NAC-BIOTICS-RESEARCH-1.png, https://organoli.com/wp-content/uploads/2024/11/5205-Suppinfo_900x.png"
turbo-draine-peche-forte-pharma-500ml,"Turbo Draine Peche (Forte Pharma), 500ml",Le Draineur Minceur efficace + 50% D’elimination,,1300,USD,true,,wellness-care,"https://organoli.com/wp-content/uploads/2024/11/turbodraine-the-peche-draineur-minceur-fortepharma_2048x2048-450x450-1.png, https://organoli.com/wp-content/uploads/2024/11/turbodraine-framboises-draineur-minceur-fortepharma_0206cd55-32d9-4ead-8a52-00976756a6fe_2048x2048.png, https://organoli.com/wp-content/uploads/2024/11/turbodraine-ananas-draineur-minceur-fortepharma_2048x2048.png, https://organoli.com/wp-content/uploads/2024/11/turbodraine-agrumes-draineur-minceur-fortepharma_2048x2048.png, https://organoli.com/wp-content/uploads/2024/11/turbodraine-fortepharma_2048x2048.png, https://organoli.com/wp-content/uploads/2024/11/turbodraine-thepeche-draineur-minceur-fortepharma_2048x2048.jpg"
turbo-draine-framboise-forte-pharma-500ml,"Turbo Draine Framboise (Forte Pharma), 500ml",Le Draineur Minceur efficace + 50% D’elimination,,1300,USD,true,,wellness-care,https://organoli.com/wp-content/uploads/2024/11/52045.jpg
spirulina-powder-naturya-100g,"Spirulina Powder (Naturya), 100g","All around protection for the body: Immunity, Vitamin A, B1 & B2, iodine, manganese and protein",,1500,USD,true,,wellness-care,"https://organoli.com/wp-content/uploads/2024/11/SpirulinaPowder200g.png, https://organoli.com/wp-content/uploads/2024/11/SpirulinaPowder200gBOP_f16c86e8-8f85-4ef6-9794-a6ef9fa1fe1d_2048x.jpg"
superfoo-latte-matcha-naturya-200g,"Superfoo latte matcha (Naturya), 200g",Energising superfood latte blend with matcha and reishi mushroom,,2500,USD,false,,wellness-care,"https://organoli.com/wp-content/uploads/2024/11/SuperfoodLatteMatcha200g.png, https://organoli.com/wp-content/uploads/2024/11/SuperfoodLatteMatcha200gBOP_fec7e51a-7a27-4d9c-8f70-5a04e1823c18_2048x.jpg, https://organoli.com/wp-content/uploads/2024/11/MatchaLatteNutritionalValues_2048x.png, https://organoli.com/wp-content/uploads/2024/11/matchasuperlatte_3_2048x.jpg, https://organoli.com/wp-content/uploads/2024/11/matchasuperlatte_7_2048x.jpg, https://organoli.com/wp-content/uploads/2024/11/matchasuperlatte_11_2048x.jpg"
matcha-green-tea-powder-clearspring-40g,"Matcha green tea powder (Clearspring), 40g","Premium grade for cooking and drinking, Enjoy It on its own or in a vanilla matcha latte, banana matcha smoothie, matcha muffin or even matcha ice cream",,3500,USD,true,,wellness-care,"https://organoli.com/wp-content/uploads/2024/11/Organic-Japanese-Matcha-Green-Tea-Powder-Premium-Grade-40g.png, https://organoli.com/wp-content/uploads/2024/11/MatchaPLooseTeaIMG_2403-337263_800x.jpg, https://organoli.com/wp-content/uploads/2024/11/MatchaPLooseTeaIMG_2558-836116_800x.jpg, https://organoli.com/wp-content/uploads/2024/11/ClearspringLooseTeaMatchaPremuimGradeIMG_2163-365819_800x.jpg, https://organoli.com/wp-content/uploads/2024/11/image_1bf3f72a-b183-4247-960f-21f8fd518303-545947_800x.jpg"
organic-chlorella-powder-green-origins-75g,"Organic Chlorella Powder, (Green Origins), 75g",A natural green algae high in Vitamin B12 and Iron,,2000,USD,false,,wellness-care,https://organoli.com/wp-content/uploads/2024/11/Capture-Green-Origins.png
turmeric-powder-green-origins-100g,"Turmeric Powder (Green Origins), 100g",Naturally contains curcumin which has traditionally been used to maintain the health of joints and bones,,700,USD,false,,wellness-care,https://organoli.com/wp-content/uploads/2024/11/green-origins-tumeric-powder.png
b-complex-together-health-30-capsules,"B complex (Together Health), 30 capsules",Wholefood supplement with naturally occuring bio active co nutrients,,2000,USD,false,,vitamins-minerals,"https://organoli.com/wp-content/uploads/2024/12/together-health-b-complex.png, https://organoli.com/wp-content/uploads/2024/11/Gentle-Iron-Cropped_pack_back_540x.png, https://organoli.com/wp-content/uploads/2024/11/TH-Iron-product-benefits_720x.jpg, https://organoli.com/wp-content/uploads/2024/11/220126_Together_GentleIron_720x.jpg, https://organoli.com/wp-content/uploads/2024/11/1147-TH-Why-Together_Health_1_432887c0-5dcd-44d3-ba46-076e09ace942_720x.jpg"
gentle-iron-together-health-30-capsules,"Gentle Iron (Together Health), 30 capsules",Wholefood supplement,,2000,USD,false,,vitamins-minerals,"https://organoli.com/wp-content/uploads/2024/11/together-health-gentle-iron-1.png, https://organoli.com/wp-content/uploads/2024/11/Gentle-Iron-Cropped_pack_back_540x.png, https://organoli.com/wp-content/uploads/2024/11/TH-Iron-product-benefits_720x.jpg, https://organoli.com/wp-content/uploads/2024/11/220126_Together_GentleIron_720x.jpg, https://organoli.com/wp-content/uploads/2024/11/1147-TH-Why-Together_Health_1_432887c0-5dcd-44d3-ba46-076e09ace942_720x.jpg"
beautiful-together-health-60-capsules,"Beautiful (Together Health), 60 capsules","Hair, Skin and Nail with 12 wholefood vitamins, minerals and extracts",,3500,USD,false,,vitamins-minerals,"https://organoli.com/wp-content/uploads/2024/11/together-health-beautiful.-Hair-Skin-Nail.png, https://organoli.com/wp-content/uploads/2024/11/Beautiful-Cropped_pack_back_540x.png, https://organoli.com/wp-content/uploads/2024/11/TH-Beautiful-product-benefits_720x.jpg, https://organoli.com/wp-content/uploads/2024/11/220124_Together_Beautiful_720x.jpg, https://organoli.com/wp-content/uploads/2024/11/1147-TH-Why-Together_Health_1_e2354381-5e85-4c62-91c4-ad2162882c6b_720x.jpg"
ashwagandha-together-health-30-capsules,"Ashwagandha (Together Health), 30 capsules",Whole root extract,,2000,USD,false,,vitamins-minerals,"https://organoli.com/wp-content/uploads/2024/11/together-health-organic-ashwagandha.png, https://organoli.com/wp-content/uploads/2024/11/81Ipkf1x3hL._SX522_.jpg, https://organoli.com/wp-content/uploads/2024/11/71ObhAkyK5L._SX679_.jpg, https://organoli.com/wp-content/uploads/2024/11/81BHInefvHL._SX522_.jpg, https://organoli.com/wp-content/uploads/2024/11/71auIz87UXL._SX679_.jpg, https://organoli.com/wp-content/uploads/2024/11/61n0VpRWjzL._SX679_.jpg"
mens-muli-together-health-30-capsules,"Men’s Muli (Together Health), 30 capsules",Whole Food multivitamin,,2500,USD,false,,hormonal-health,"https://organoli.com/wp-content/uploads/2024/11/together-health-mens-multi.png, https://organoli.com/wp-content/uploads/2024/11/Mens-Multi-Cropped_pack_back_540x.png, https://organoli.com/wp-content/uploads/2024/11/TH-Mens-Multi-product-benefits_720x.jpg, https://organoli.com/wp-content/uploads/2024/11/220124_Together_MensMulti_720x.jpg, https://organoli.com/wp-content/uploads/2024/11/1147-TH-Why-Together_Health_1_0c0cef86-8997-41d3-9cc7-39deaee8a77e_720x.jpg"
night-time-together-health-60-capsules,"Night time (Together Health), 60 capsules",With magnesium and herbs formulated for a restorative night’s sleep,,3000,USD,false,,vitamins-minerals,"https://organoli.com/wp-content/uploads/2024/11/together-health-night-time.png, https://organoli.com/wp-content/uploads/2024/11/Night-time-Cropped_pack_back_540x.png, https://organoli.com/wp-content/uploads/2024/11/TH-Night-Time-product-benefits_720x.jpg, https://organoli.com/wp-content/uploads/2024/11/220126_Together_NightTime_720x.jpg, https://organoli.com/wp-content/uploads/2024/11/1147-TH-Why-Together_Health_1_63d0f7b6-88dc-4cbe-8b9c-40a4c025f81c_720x.jpg"
vitamin-b12-together-health-30-capsules-20mcg,"Vitamin B12 (Together Health), 30 capsules, 20mcg",From shiitake mushroom,,2200,USD,false,,vitamins-minerals,"https://organoli.com/wp-content/uploads/2024/11/together-health-Vitamin-b12.png, https://organoli.com/wp-content/uploads/2024/11/VB12-Cropped_pack_back_540x.png, https://organoli.com/wp-content/uploads/2024/11/TH-Mushroom-B12-product-benefits_720x.jpg, https://organoli.com/wp-content/uploads/2024/11/220126_Together_B12_720x.jpg, https://organoli.com/wp-content/uploads/2024/11/1147-TH-Why-Together_Health_1_57afe72d-312f-4644-9072-e6f6d2bd79de_720x.jpg"
vitamin-d3-together-health-30-capsules-25ug,"Vitamin D3 (Together Health), 30 capsules, 25ug","Natural plant source, active form in a coconut oil base",,1800,USD,false,,vitamins-minerals,"https://organoli.com/wp-content/uploads/2024/11/together-health-Vitamin-d3.png, https://organoli.com/wp-content/uploads/2024/11/Vitamin-D3-Cropped_pack_back_540x.png, https://organoli.com/wp-content/uploads/2024/11/TH-Vitamin-D3-product-benefits_720x.jpg, https://organoli.com/wp-content/uploads/2024/11/220124_Together_VitaminD3_720x.jpg, https://organoli.com/wp-content/uploads/2024/11/1147-TH-Why-Together_Health_1_d674e756-ba50-4882-bcf5-db2583410f55_720x.jpg"
cedarwood-healing-solutions-10ml,"Cedarwood, (Healing solutions) 10ml",100% pure therapeutic grade essential oil,,500,USD,true,,wellness-care,https://organoli.com/wp-content/uploads/2024/11/cedarwood.png
casto-oil-organic-the-best100ml,"Casto Oil (organic the best),100ml","Cold pressed, undiluted, skin, soothing, normalizing, hair, calming, balancing",,1500,USD,false,,wellness-care,https://organoli.com/wp-content/uploads/2024/11/castor_oil.png
daily-multi-vitamin-dr-vegan-60-capsules,"Daily Multi – vitamin (Dr. vegan), 60 capsules",Advanced vitamin and mineral formula highly absorbable,,3500,USD,false,,hormonal-health,"https://organoli.com/wp-content/uploads/2024/11/daily-multivitamin.png, https://organoli.com/wp-content/uploads/2024/11/DailyMulti-Vitaminaward-winning.jpg, https://organoli.com/wp-content/uploads/2024/11/DailyMulti-Vitaminmedia.jpg, https://organoli.com/wp-content/uploads/2024/11/DailyMulti-Vitaminhowtotake_474f414a-2cf4-4dc3-9bc7-528100ce4561.jpg, https://organoli.com/wp-content/uploads/2024/11/DailyMulti-VitaminIngredients2_1885cbd6-80e8-406a-8bfe-83fe5398ea05.jpg, https://organoli.com/wp-content/uploads/2024/11/DailyMulti-Vitaminlabel_60831fe3-1931-4603-812d-a19f624fcf5e.jpg"
alive-mens-50-multivitamin-gummies-natures-way-60-gummies,"Alive Men’s 50+ Multivitamin gummies (Nature’s Way), 60 gummies","Energy, Cognition, Joints, Heart",,5000,USD,false,,hormonal-health,https://organoli.com/wp-content/uploads/2024/11/017710_A.jpg
alive-ultra-womens-50-wholefood-plus-natures-way-60-capsules,"Alive Ultra Women’s 50+ wholefood plus (Nature’s Way), 60 capsules","Energy, Bones, Immunity, Hormones, Hair&Skin, Heart, Cells",,6000,USD,false,,hormonal-health,"https://organoli.com/wp-content/uploads/2024/11/Alive-Ultra-Womens-50-Wholefood-plus.png, https://organoli.com/wp-content/uploads/2024/11/71V-2qAUSyL._AC_SX679_.jpg, https://organoli.com/wp-content/uploads/2024/11/61IQ9aBxUL._AC_SX679_.jpg, https://organoli.com/wp-content/uploads/2024/11/61t37qvnjpL._AC_SX679_.jpg, https://organoli.com/wp-content/uploads/2024/11/713m6ECBtdL._AC_SX679_.jpg, https://organoli.com/wp-content/uploads/2024/11/61pqgLSjpaL._AC_SX679_.jpg"
oral-probio-health-aid-30-capsules,"Oral probio (Health aid), 30 capsules","Supports optimum ear, mouth and throat health",,4000,USD,false,,probiotics,"https://organoli.com/wp-content/uploads/2024/11/oral-probio.png, https://organoli.com/wp-content/uploads/2024/11/61mMOUZqriL._AC_SX679_.jpg, https://organoli.com/wp-content/uploads/2024/11/71fpSia5gML._AC_SY606_.jpg"
colostrum-nutricost-500mg-120-capsules,"Colostrum (Nutricost), 500mg, 120 capsules",,,4000,USD,false,,immune,"https://organoli.com/wp-content/uploads/2024/11/nutricost-colostrum.png, https://organoli.com/wp-content/uploads/2024/11/61nSXTw9KaL._AC_SX679_.jpg, https://organoli.com/wp-content/uploads/2024/11/71-7mRljuL._AC_SX679_.jpg, https://organoli.com/wp-content/uploads/2024/11/71n1nwjyWiL._AC_SY606_.jpg, https://organoli.com/wp-content/uploads/2024/11/71m4uIMwLL._AC_SY606_.jpg, https://organoli.com/wp-content/uploads/2024/11/41eV4KrOKHL._AC_SX679_.jpg"
vitamin-d3k1-seeking-health-5000-60-capsules,"Vitamin D3+K2 (Seeking health), 5000, 60 capsules",Supports bone health and healthy immune system function,,5000,USD,false,,immune,https://organoli.com/wp-content/uploads/2024/11/seeking-health-vitamin-d3k2.png
gentle-iron-bisglycinate-vitabright-28mg-180-capsules,"Gentle Iron Bisglycinate (Vitabright), 28mg, 180 capsules","Ideal for sensitive stomachs, non-constipating, well-absorbed and easy to digest.",,3500,USD,false,,vitamins-minerals,"https://organoli.com/wp-content/uploads/2024/11/Gentle-Iron-Bisglycinate.png, https://organoli.com/wp-content/uploads/2024/11/SSUSP-Iron28mg_600x600.jpg, https://organoli.com/wp-content/uploads/2024/11/UKSSNRV-Iron28mg_600x600.jpg, https://organoli.com/wp-content/uploads/2024/11/SSClaims_Benefits-Iron28mg_600x600.jpg, https://organoli.com/wp-content/uploads/2024/11/SSEasySwallow-Iron28mg_600x600.jpg, https://organoli.com/wp-content/uploads/2024/11/SSPackaging-Iron_2_600x600.jpg"
melatonin-natrol-10mg-100-capsules,"Melatonin (Natrol), 10mg, 100 capsules",Advanced formulation to promote better sleep,,5000,USD,false,,vitamins-minerals,https://organoli.com/wp-content/uploads/2024/11/Natrol-Melatonin-Advanced-Sleep.png
minami-morepa-kids-3-60-capsules,"Minami MorEpa Kids (3+), 60 capsules",Supports brain and vision development,,8000,USD,false,,vitamins-minerals,https://organoli.com/wp-content/uploads/2024/11/Minami-MorDHA-Kids.png
minami-morepa-kids-vitamin-d3-6-60-capsules,"Minami MorEpa Kids + Vitamin D3 (6+), 60 capsules",Supports Child Development,,7000,USD,false,,vitamins-minerals,https://organoli.com/wp-content/uploads/2024/11/Minami-MorEPA-Kids-Vitamind.png
flush-free-niacin-now-250mg-90-capsules,"Flush Free Niacin (Now), 250mg, 90 capsules",Nutritional Health,,2700,USD,false,,vitamins-minerals,"https://organoli.com/wp-content/uploads/2024/11/flush-free-Niacin.png, https://organoli.com/wp-content/uploads/2024/11/0483_nowproductlabels.png, https://organoli.com/wp-content/uploads/2024/11/0483_nowproductlabels2.png, https://organoli.com/wp-content/uploads/2024/11/0484_mainimage.png, https://organoli.com/wp-content/uploads/2024/11/0483_capsule_size.png"
glutathione-now-250mg-60-capsules,"Glutathione (Now), 250mg, 60 capsules","Free radical neutralizer, Reduced active form, detoxification support",,4500,USD,false,,immune,"https://organoli.com/wp-content/uploads/2024/11/glutathionw.png, https://organoli.com/wp-content/uploads/2024/11/71ld90N68cL._AC_SX679_.jpg, https://organoli.com/wp-content/uploads/2024/11/717B0szNLPL._AC_SX679_.jpg, https://organoli.com/wp-content/uploads/2024/11/71SfWL2-SML._AC_SX679_.jpg, https://organoli.com/wp-content/uploads/2024/11/61jASjEDw9L._AC_SX679_.jpg, https://organoli.com/wp-content/uploads/2024/11/710OKcg5TWL._AC_SX679_.jpg"
oregano-oil-now-450mg-100-capsules,"Oregano Oil (Now), 450mg, 100 capsules",Free radical scavenger,,4000,USD,false,,gut-digestion,"https://organoli.com/wp-content/uploads/2024/11/oregano.png, https://organoli.com/wp-content/uploads/2024/11/71dzRDLxq3L._AC_SX679_.jpg, https://organoli.com/wp-content/uploads/2024/11/71jdf3DtBXL._AC_SX679_.jpg, https://organoli.com/wp-content/uploads/2024/11/617hiQd0m0L._AC_SX679_.jpg, https://organoli.com/wp-content/uploads/2024/11/61Rqc4XYXVL._AC_SX679_.jpg, https://organoli.com/wp-content/uploads/2024/11/61H8o3VyCVL._AC_SX679_.jpg"
l-lysine-solgar-1000mg-50-capsules,"L – Lysine (Solgar), 1000mg, 50 capsules",supports the health of skin tissue,,4000,USD,false,,immune,"https://organoli.com/wp-content/uploads/2024/11/L-Lysine-1000mg.png, https://organoli.com/wp-content/uploads/2024/11/SO_017016_A1.png, https://organoli.com/wp-content/uploads/2024/11/SO_017016_A2.png, https://organoli.com/wp-content/uploads/2024/11/SO_017016_A3.png"
magnesium-citrate-natures-own-500mg-90-capsules,"Magnesium Citrate (Nature’s Own), 500mg, 90 capsules","Contributes to the reduction of tiredness & fatigue, the normal function of the nervous system, muscle function and normal psychological function",,3500,USD,false,,vitamins-minerals,https://organoli.com/wp-content/uploads/2024/11/Natures-Own-MG-Citrate.png
whole-food-multi-natures-own-60-capsules,"Whole food Multi (Nature’s Own), 60 capsules",,,3000,USD,false,,vitamins-minerals,https://organoli.com/wp-content/uploads/2024/11/natures-own-wholefood-multi.png
echinacea-natures-way-1200mg-100-capsules,"Echinacea (Nature’s way) 1,200mg, 100 capsules",Promotes Immunity,,2500,USD,false,,immune,https://organoli.com/wp-content/uploads/2024/11/natures-way-echinacea.png
betain-hydrochloride-pepsin-fsc-60-capsules,"Betain Hydrochloride & pepsin (FSC), 60 capsules",Betaine Hydrochloride is a source of hydrochloric acid. Pepsin is a protein-digesting enzyme found naturally in the stomach.,,1500,USD,false,,gut-digestion,https://organoli.com/wp-content/uploads/2024/11/FSC-Betaine-Hydrochloride-Pepsin-1.png
advanced-brain-memory-suport-nhp-60-capsules,"Advanced brain & memory suport (NHP), 60 capsules","A unique combination of nutrients including vitamin B5, contributing to normal mental performance plus zinc and iodine which contributes to maintaining normal cognitive function",,9500,USD,true,,vitamins-minerals,"https://organoli.com/wp-content/uploads/2024/11/NHP-Advanced-Brain-and-memory.png, https://organoli.com/wp-content/uploads/2024/11/71BirRzjqPL._AC_SX679_.jpg, https://organoli.com/wp-content/uploads/2024/11/61YTgP8WMsL._AC_SX679_.jpg, https://organoli.com/wp-content/uploads/2024/11/715IIaKS1PL._AC_SX679_.jpg, https://organoli.com/wp-content/uploads/2024/11/51FVwf25SoL._AC_SX679_.jpg, https://organoli.com/wp-content/uploads/2024/11/71OLYCBMOPL._AC_SX679_.jpg"
hair-skin-nail-support-nhp-60-capsules,"Hair, Skin & Nail Support (NHP), 60 capsules","A unique combination of vitamin C, Biotin and Zinc helping you to maintain beautiful hair, skin and nails, from the inside out",,9000,USD,false,,collagen-beauty,"https://organoli.com/wp-content/uploads/2024/11/NHP-Hairskin-nail-1.png, https://organoli.com/wp-content/uploads/2024/11/61fPCaNd8JL._AC_SX679_.jpg, https://organoli.com/wp-content/uploads/2024/11/61qdK58l3dL._AC_SX679_.jpg, https://organoli.com/wp-content/uploads/2024/11/51HdUAcmykL._AC_SX679_.jpg, https://organoli.com/wp-content/uploads/2024/11/61G97FKLmEL._AC_SX679_.jpg, https://organoli.com/wp-content/uploads/2024/11/714-u22oXiL._AC_SX679_.jpg"
healthy-woman-support-nhp-60-capsules,"Healthy Woman Support (NHP), 60 capsules",A specific complete multivitamin & mineral formulated for every woman to ensure & maintain your well being,,7500,USD,false,,vitamins-minerals,"https://organoli.com/wp-content/uploads/2024/11/NHP-Healthywoman.png, https://organoli.com/wp-content/uploads/2024/11/nhp_healthywoman_amber_24_left_1200.jpg, https://organoli.com/wp-content/uploads/2024/11/nhp_healthywoman_amber_24_right_1200.jpg, https://organoli.com/wp-content/uploads/2024/11/product_listing_accreditations_v1_14.png"
meno-multi-support-nhp-60-capsules,"Meno Multi Support (NHP), 60 capsules",A special multivitamin & mineral formulated for women during menopause,,8000,USD,false,,vitamins-minerals,https://organoli.com/wp-content/uploads/2024/11/NHP-Meno-Support-Multi.png
vitamin-b12-quest-500uq-60-capsules,"Vitamin B12 (Quest) 500uq, 60 Capsules",Contributes to red blood cells formation,,2500,USD,false,,vitamins-minerals,https://organoli.com/wp-content/uploads/2024/11/Quest-Vitaminb12-1.png
enzyme-digest-quest-90-tablets,"Enzyme Digest (Quest), 90 Tablets","Enzymes, Betain HCL & Peppermint oil",,3500,USD,false,,gut-digestion,"https://organoli.com/wp-content/uploads/2024/11/quest-enzyme-digest.png, https://organoli.com/wp-content/uploads/2024/11/71amAGkoXzL._AC_SX679_.jpg, https://organoli.com/wp-content/uploads/2024/11/71ofpVNVneL._AC_SX679_.jpg, https://organoli.com/wp-content/uploads/2024/11/71CmkNSNW1L._AC_SX679_.jpg, https://organoli.com/wp-content/uploads/2024/11/81aBtIQg5YL._AC_SX679_.jpg, https://organoli.com/wp-content/uploads/2024/11/71wHQJ87GfL._AC_SX679_.jpg"
l-glutamine-thorne-90-capsules,"L-Glutamine (Thorne), 90 capsules","GI Support, Brain & nurves, wound injury",,3500,USD,false,,protein-performance,"https://organoli.com/wp-content/uploads/2024/11/thorne-L-Glutamine.png, https://organoli.com/wp-content/uploads/2024/11/sa518__v70163003076ca89751d4ba29e906385f8a609a91.jpg, https://organoli.com/wp-content/uploads/2024/11/sa518__vf5809db5a8cb53e87c6efe9c5771856f0cca89b8.jpg, https://organoli.com/wp-content/uploads/2024/11/sa518_s04_vbed0aa5565831abc153aa02b1203af5cda80b397.png, https://organoli.com/wp-content/uploads/2024/11/sa518__v7950e2361415e3972af8f4b1dcfd49f358de81d7.png, https://organoli.com/wp-content/uploads/2024/11/sa518__v4f56d663f80cdfc63d88d20806ef896cf3060ac0.png"
lysine-thorne-500mg-60-capsules,"Lysine (Thorne), 500mg, 60 capsules",immune support,,4800,USD,false,,immune,"https://organoli.com/wp-content/uploads/2024/11/Thorne-Lysine.png, https://organoli.com/wp-content/uploads/2024/11/61wcCwcPXeL._AC_SX679_.jpg, https://organoli.com/wp-content/uploads/2024/11/51CWkYhKVwL._AC_SX679_.jpg, https://organoli.com/wp-content/uploads/2024/11/81AJOWMyp1L._AC_SX679_.jpg, https://organoli.com/wp-content/uploads/2024/11/711xhnv402L._AC_SX679_.jpg, https://organoli.com/wp-content/uploads/2024/11/71EZ-oJjUsL._AC_SX679_.jpg"
iron-bisglycinate-thorne-60-capsules,"Iron Bisglycinate (Thorne), 60 capsules",,,3600,USD,false,,vitamins-minerals,"https://organoli.com/wp-content/uploads/2024/11/Thorne-Iron-Bisglycinate.png, https://organoli.com/wp-content/uploads/2024/11/m226__v36bc58bd372ac0b4b1c7a079ca4c9fcff7195a12.jpg, https://organoli.com/wp-content/uploads/2024/11/m226__v93c44087b014fd2cad7a42b8dd8c4ad81cbe4cf9.jpg, https://organoli.com/wp-content/uploads/2024/11/m226__vd05a29f1cc096f24187bdc7c2b14fcdad9ca0ba7.jpg, https://organoli.com/wp-content/uploads/2024/11/m226__vf5809db5a8cb53e87c6efe9c5771856f0cca89b8.jpg, https://organoli.com/wp-content/uploads/2024/11/m226_s04_v5e448858a77a0d1af41ee1b9289e3cdba365d21f.png"
high-absorption-magnesium-lysinate-glycinate-doctors-best-200mg-120-capsules,"High Absorption Magnesium Lysinate Glycinate (Doctor’s Best) 200mg ,120 capsules",Muscle relaxation & sleep support,,5500,USD,false,,vitamins-minerals,"https://organoli.com/wp-content/uploads/2024/11/doctors-best-High-absorption-MG-Lysinate-Glycinate.png, https://organoli.com/wp-content/uploads/2024/11/71oauI23L._AC_SX679_.jpg, https://organoli.com/wp-content/uploads/2024/11/71rcOeUOEzL._AC_SX679_.jpg, https://organoli.com/wp-content/uploads/2024/11/71YBwEsefaL._AC_SX679_.jpg, https://organoli.com/wp-content/uploads/2024/11/71GxRx7jfvL._AC_SX679_.jpg, https://organoli.com/wp-content/uploads/2024/11/71IeA7S0EL._AC_SX679_.jpg"
phizz-3-in-1-formula-20-tablets,"Phizz 3 in 1 formula, 20 Tablets","Hydration, Electrolytes, Vitamins",,2200,USD,false,,vitamins-minerals,"https://organoli.com/wp-content/uploads/2024/11/PH-IZZ-3in1.png, https://organoli.com/wp-content/uploads/2024/11/237b7763-4faa-42f9-a6a0-1624c663fdcd_1296513567.jpeg, https://organoli.com/wp-content/uploads/2024/11/cd7fd735-9c28-4381-ab2d-2e76fac82cde_967441079.jpeg, https://organoli.com/wp-content/uploads/2024/11/8ae59ed6-be1e-410e-9aa8-d4a544437f27_565247760.jpeg, https://organoli.com/wp-content/uploads/2024/11/f3401054-5c78-49f7-9cd0-4ccf3fbc439a_262150175.jpeg, https://organoli.com/wp-content/uploads/2024/11/06831c4e-7d12-44b4-a81d-dae570e08724_1614227592.jpeg"
mag-2-cooper-40-capsules,"Mag 2 (Cooper), 40 capsules","Fatigue, nervosity, muscle cramps",,1500,USD,true,,vitamins-minerals,https://organoli.com/wp-content/uploads/2024/11/mag-2-24h.png
bio-selenium-zinc-pharma-nord-30-tablets,"Bio Selenium + Zinc (Pharma Nord), 30 Tablets",Good for the immune system,,2500,USD,true,,vitamins-minerals,https://organoli.com/wp-content/uploads/2024/11/bioselenium.png
bio-c-vitamin-pharma-nord-750mg-30-tablets,"Bio – C – Vitamin (Pharma Nord) 750mg, 30 Tablets",Good for your immune system,,1200,USD,false,,vitamins-minerals,https://organoli.com/wp-content/uploads/2024/11/Bio-C-Vitamin.png
bio-magnesium-pharma-nord-200mg-30-tablets,"Bio Magnesium (Pharma Nord) 200mg, 30 Tablets",Excellent for muscle function and for preventing muscle cramps,,1800,USD,false,,vitamins-minerals,"https://organoli.com/wp-content/uploads/2024/11/biomagnesium.png, https://organoli.com/wp-content/uploads/2024/11/pharmanordbio-magnesium200mg60tablets.jpg"
daily-multi-balanced-30-capsules,"Daily Multi (Balanced), 30 capsules",Daily Wellbeing,,3500,USD,false,,vitamins-minerals,https://organoli.com/wp-content/uploads/2024/11/balanced-daily-multi.png
zinc-picolinate-balanced-60-capsules,"Zinc Picolinate (Balanced), 60 capsules","Zinc contributes to the normal maintenance of the immune system, skin, hair, nails & vision",,2500,USD,false,,vitamins-minerals,https://organoli.com/wp-content/uploads/2024/11/balanced-Zinc-Picolinate.png
vitamin-b12-balanced-30-capsules,"Vitamin B12 (Balanced), 30 Capsules",Energy & Mind,,2000,USD,true,,vitamins-minerals,https://organoli.com/wp-content/uploads/2024/11/balanced-Vitamin-b12.png
magnesium-citrate-balanced,Magnesium Citrate (Balanced),Energy & Mind,,4000,USD,false,,vitamins-minerals,https://organoli.com/wp-content/uploads/2024/11/balanced-magnesium-citrate.png
adult-multivitamins-minerals-biocare-90-capsules,"Adult Multivitamins & Minerals, (BioCare), 90 capsules","For all round support including energy, immunity and mental health and wellbeing",,6800,USD,false,,immune,"https://organoli.com/wp-content/uploads/2024/11/biocare-adult-multivitamins-and-minerals.png, https://organoli.com/wp-content/uploads/2024/11/79630_19-1.jpg"
adult-multivitamins-minerals-biocare-30-capsules,"Adult Multivitamins & Minerals, (BioCare), 30 capsules","For all round support including energy, immunity and mental health and wellbeing",,3500,USD,false,,immune,"https://organoli.com/wp-content/uploads/2024/11/adult-multivitamins-minerals-bio-care.png, https://organoli.com/wp-content/uploads/2024/11/79630_19.jpg"
magnesium-citrate-biocare-90-capsules,"Magnesium Citrate (BioCare), 90 capsules","For energy, mental health & wellbeing, bone & muscle support",,4000,USD,false,,vitamins-minerals,"https://organoli.com/wp-content/uploads/2024/11/biocare-magnesium-citrate.png, https://organoli.com/wp-content/uploads/2024/11/19690_5.jpg"
quercetin-500mg-solaray-90-capsules,"Quercetin 500mg (Solaray), 90 capsules",bioflavonoids support,,9500,USD,false,,gut-digestion,https://organoli.com/wp-content/uploads/2024/10/SolarayQuercetin.png
inositol-solaray-500mg-100-capsules,"Inositol (Solaray) 500mg, 100 capsules",cellular health,,5000,USD,true,,hormonal-health,"https://organoli.com/wp-content/uploads/2024/11/Solary-Inositol-1.png, https://organoli.com/wp-content/uploads/2024/11/61BFbffV1ML._AC_SX679_.jpg, https://organoli.com/wp-content/uploads/2024/11/61-HAwH-WhL._AC_SX679_.jpg, https://organoli.com/wp-content/uploads/2024/11/71PjZG4uoLL._AC_SX679_.jpg, https://organoli.com/wp-content/uploads/2024/11/61TUm0sLDDL._AC_SX679_.jpg, https://organoli.com/wp-content/uploads/2024/11/61D7DgXgKJS._AC_SX679_.jpg"
bio-coq10-solaray-30-softgels,"Bio CoQ10 (Solaray), 30 softgels","Heart Health, Energy support",,5000,USD,false,,vitamins-minerals,"https://organoli.com/wp-content/uploads/2024/11/Solary-Bio-CoQ-10-1.png, https://organoli.com/wp-content/uploads/2024/11/076280090123_4n_600x.png, https://organoli.com/wp-content/uploads/2024/11/lb_facts_076280090109_685bbee5-e70d-4db4-b069-878e4ec13e3c_600x.png"
digest-away-solaray-60-capsules,"Digest Away (Solaray), 60 capsules",Digestion support,,4500,USD,true,,gut-digestion,"https://organoli.com/wp-content/uploads/2024/11/digest-away-1.png, https://organoli.com/wp-content/uploads/2024/11/Digestive-enzyme-supplements-2_600x.png, https://organoli.com/wp-content/uploads/2024/11/lb_facts_076280048001_600x.png, https://organoli.com/wp-content/uploads/2024/11/076280048018_4_600x.jpg, https://organoli.com/wp-content/uploads/2024/11/076280048025_4_600x.jpg"
psyllium-husk-solaray-100-capsules,"Psyllium Husk (Solaray), 100 capsules","Prebiotic + Soluble Fiber, Digestive Support",,2800,USD,false,,gut-digestion,"https://organoli.com/wp-content/uploads/2024/10/Solary-Psyllium-Husk.png, https://organoli.com/wp-content/uploads/2024/11/lb_facts_076280014600.png"
oregano-oil-solaray-60-softgels,"Oregano Oil (Solaray), 60 softgels",Hebral Support,,6000,USD,false,,gut-digestion,"https://organoli.com/wp-content/uploads/2024/11/Solary-Oregano-Oil.png, https://organoli.com/wp-content/uploads/2024/11/076280413496_lbl_facts.jpg"
berberine-solaray-60-capsules,"Berberine (Solaray), 60 capsules","Blood Glucose Support, Digestion",,5500,USD,false,,gut-digestion,"https://organoli.com/wp-content/uploads/2024/11/Solary-Berberine.png, https://organoli.com/wp-content/uploads/2024/11/lb_facts_076280477054_600x.png"
